X	y0z0	y1z0	y2z0	y3z0	y4z0	y5z0	y6z0	y7z0	y8z0	y9z0	y0z1	y1z1	y2z1	y3z1	y4z1	y5z1	y6z1	y7z1	y8z1	y9z1	y0z2	y1z2	y2z2	y3z2	y4z2	y5z2	y6z2	y7z2	y8z2	y9z2	y0z3	y1z3	y2z3	y3z3	y4z3	y5z3	y6z3	y7z3	y8z3	y9z3	y0z4	y1z4	y2z4	y3z4	y4z4	y5z4	y6z4	y7z4	y8z4	y9z4	y0z5	y1z5	y2z5	y3z5	y4z5	y5z5	y6z5	y7z5	y8z5	y9z5
x0	2.53	2.24	3.27	6.75	4.29	a	b	c	a	b	5.24	5.31	7.43	7.26	1.86	b	a	c	b	c	2.86	5.07	6.32	0.68	2.67	c	b	b	a	a	4.22	6.26	2.82	1.47	7.88	c	b	a	c	c	8.64	7.71	6.26	0.14	7.31	a	a	a	a	c	6.25	0.36	9.14	2.22	6.84	c	c	b	b	c
x1	1.26	3.14	5.62	7.88	9.68	b	a	b	c	a	3.52	0.77	8.4	0.51	7.02	a	b	b	b	c	8.78	5.36	5.37	1.13	7.16	a	c	a	c	a	3.64	4.44	0.27	8.6	9.55	b	b	a	b	c	3.5	9.43	3.38	8.56	6	a	c	a	b	a	2.82	8.5	3.19	4.59	3.43	b	a	a	b	c
x2	2.29	4.74	1.81	2.29	2.23	b	a	a	c	a	6.48	2.79	6.68	6.48	0.77	b	a	c	c	b	7.77	7.56	8.28	7.77	0.28	b	a	a	c	c	4.15	3.87	3.84	4.63	9.01	c	c	c	a	a	7.9	6.87	1.6	4.37	4.7	a	b	a	a	c	6.32	1.28	4	5.34	2.43	a	a	b	a	a
x3	2.52	5.47	4.23	9.83	7.06	a	c	c	b	c	5.07	5.52	4.7	3.03	5.19	c	a	c	a	a	5.35	4.17	8.7	7.02	4.62	c	b	b	a	a	1.51	7.27	0.64	4.76	7.84	b	a	b	c	a	4.1	9.36	0.51	0.88	5.32	c	c	c	a	a	7.92	0.95	7.06	1	5.71	a	c	b	c	c
x4	2.29	7.23	7.61	2.29	3.19	b	a	c	c	c	6.48	0.59	9.71	6.48	2.39	b	a	c	c	a	7.77	8	3.89	7.77	7.56	b	a	a	c	b	0.82	7.4	1.56	2.3	6.94	b	c	a	a	c	6.48	0.47	5.33	2.27	6.16	c	b	b	a	c	8.13	4	5.41	9.89	1.76	c	c	c	a	b
x5	2.29	0.03	0.84	2.29	3.43	b	a	b	c	a	6.48	5.18	3.13	6.48	0.52	b	a	c	c	c	7.77	0.22	7.77	7.77	4.17	b	a	c	c	b	5.13	8.47	5.28	2.11	0.39	b	a	c	b	b	0.82	0.68	5.26	5.42	8.76	b	a	c	a	a	0.29	3.17	8.02	4.39	7.32	b	c	c	a	c
x6	5.25	3.18	6.24	4.93	9.19	b	c	a	a	c	0.67	8.84	7.56	9.79	6.59	a	b	c	b	c	7.2	6.18	3.3	6.08	6.94	b	b	b	c	c	6.04	9.21	7.75	0.45	4.86	c	c	c	b	c	4.97	3.9	0.16	3.35	7.58	a	a	c	c	b	1.84	8.04	0.14	3.13	9.4	a	b	b	b	b
x7	5.19	0.45	3.61	5.35	3.71	a	b	b	a	a	0.24	4.98	3.81	5.36	4.79	b	a	b	a	b	1.2	9.35	2.39	8.96	3.15	b	c	a	a	c	5.74	0.18	1.02	8.9	7.07	c	b	c	c	a	4.89	4.81	4.49	9.21	1.16	c	b	a	a	a	7.51	3.41	3.04	7.02	0.95	b	c	b	a	b
x8	8.15	3.11	1.76	4.71	4.79	a	b	a	c	a	4.72	3.53	3.67	1.94	0.25	a	b	b	a	b	5.05	2.7	7.58	1.12	4.07	c	c	b	a	b	3.63	9.91	5.65	8.22	4.6	b	b	b	a	c	7.31	5.71	5.23	9.36	4.14	c	b	a	b	c	2.28	6.2	0.97	6.14	5.07	b	c	b	c	a
x9	5.77	2	9.36	5.44	5.2	a	c	c	a	a	5.32	3.17	3.09	7.76	0.39	a	a	a	c	a	2.06	4.96	6.2	6.18	5.77	b	c	c	b	b	6.49	6.17	8.11	6.6	3.2	c	c	b	a	b	8.12	1.58	2.06	9.24	6.59	b	a	b	c	b	7.16	7.99	8.85	7.1	0.55	c	a	c	b	c
x10	3.16	1.65	8.37	8.55	1.79	c	c	c	c	a	6.28	1.91	2.82	6.12	5.91	c	c	a	b	a	4.58	9.54	0.53	5.9	3.1	b	c	b	b	b	8.07	8.83	9.29	4.55	4.08	a	a	c	b	b	8.95	1.13	3.6	5.22	2.73	a	c	c	a	b	3.75	1.91	5.64	9.13	4.71	b	c	a	c	a
x11	3.92	7.04	3.76	4.79	2.63	b	b	b	c	a	6.92	3.75	7.54	9.17	0.33	b	a	c	c	c	4.25	9.13	8.02	7.66	3.68	c	a	c	c	c	9.13	7.76	9.59	3.87	0.91	b	c	c	a	a	2.56	4.21	0.4	6.11	9.84	b	a	a	a	b	8.94	2.69	6.18	2.09	3.53	c	c	b	b	a
x12	6.64	8.43	5.68	1.51	9.88	c	a	b	a	c	1.66	5.54	7.67	1.09	3.53	a	a	a	b	c	7.04	7.13	4.95	1.57	4.95	b	c	c	c	c	9.12	5.74	8.73	8.98	8.73	a	c	b	c	b	4.75	8.23	7.41	8.8	1.95	c	a	c	b	c	1.68	9.86	2.76	5.55	4.92	a	a	b	b	a
x13	0.8	6.07	4.12	4.46	0.93	a	a	c	c	c	4.94	8.07	7.72	6.45	8.37	a	a	b	b	c	4.14	0.36	1.63	1.3	7.67	b	a	c	c	a	2.62	4.75	0.89	1.62	8.09	b	a	b	a	c	1.45	2.59	1.81	8.6	4.64	b	b	c	c	b	3.18	5.07	5.71	0.24	8.13	b	b	a	a	c
x14	2.29	9.46	8.26	2.29	3.25	b	a	b	c	c	6.48	5.21	1.35	6.48	0.6	b	a	c	c	c	7.77	3.76	6.87	7.77	9.89	b	a	c	c	a	9.7	7.94	2.55	3.24	3.85	b	c	a	a	c	0.96	8.88	9.59	9.06	6.99	a	c	b	a	c	6.1	5.58	4.46	9.43	2.08	b	b	b	a	c
x15	5.54	3.42	0.81	5.18	9.6	c	a	b	a	a	9.76	8.99	3.14	0.94	4.79	c	a	c	c	b	9.94	4.83	2.07	0.46	9.06	a	a	b	b	c	5.9	8.29	2.6	6.45	3.65	a	b	c	a	c	7.04	8.05	5.72	0.46	9.06	b	b	c	b	b	2.2	7	0.16	8.29	9.09	b	a	c	b	b
x16	0.5	2.65	4.63	0.31	7.42	a	c	c	b	b	9.95	2.6	3.44	4.36	4.83	a	c	a	b	c	6.67	6.26	6.69	3.13	3.91	b	a	c	c	c	6.39	0.22	9.49	6.31	3.5	b	a	b	a	a	1.21	9.41	8.01	0.87	9.86	b	a	b	a	c	9.27	6.95	9.67	1.78	0.38	c	b	a	c	a
x17	2.29	6.7	7.78	2.29	8.93	b	a	b	c	a	6.48	3.68	9.92	6.48	8.85	b	a	c	c	c	7.77	9.91	3.02	7.77	4.62	b	a	b	c	a	3.2	1.47	8.79	7.7	9.16	b	a	b	c	c	6.28	4.47	5.2	2.64	2.15	c	a	b	b	c	8.41	1.39	2.11	0	8.91	b	b	c	b	a
x18	4.81	0.74	5.33	4.87	9.77	b	b	c	a	b	3.11	9.31	8.27	0.25	3.12	c	b	c	a	b	9.88	2.72	5.98	9.07	3.49	c	c	a	b	a	8.78	1.81	9.74	6.1	6.9	a	c	c	b	a	3.85	1.46	7.93	7.25	4.16	a	b	b	a	c	7.41	3.42	5.58	7.63	1.82	c	a	b	b	b
x19	3.78	5.02	1.68	4.52	9.83	c	b	a	c	a	4.79	9.51	6.57	0.94	1.47	c	c	b	c	b	2.91	2.83	4.95	0.49	4.95	a	c	b	b	a	4.77	9.45	8.73	9.32	8.73	c	a	c	b	a	9.36	2.49	0.18	6.35	1.38	c	a	a	b	b	3.84	1.93	4.26	6.22	0.89	a	a	b	c	b
x20	9.65	7.96	7.72	2.62	4.01	c	a	b	b	a	9.89	5.22	1.04	7.16	3.12	a	c	a	c	b	5.97	5.28	1.05	2.88	9.66	c	a	c	a	c	9.24	2.7	0.35	9.27	5.07	b	c	c	a	a	7.66	3.31	9.32	3.64	1.56	a	c	b	b	c	5.1	4.79	8.98	3.88	8.89	b	b	b	a	c
x21	4.33	3.87	1.34	4.05	3.97	b	b	c	c	b	0.27	3.09	9.64	5.8	0.44	a	c	b	a	a	5.09	0.79	4.95	4.67	4.95	c	c	b	a	a	7.91	1.04	8.73	6.39	8.73	b	c	c	c	a	8.31	5.89	0.88	8.07	7.71	c	a	a	a	a	0.28	3.49	6.24	2.22	8.89	c	c	c	b	b
x22	8.85	3.07	6.55	4.69	3.49	a	a	a	b	c	4.8	8.45	9.79	5.09	4.86	c	c	b	a	b	0.74	7.95	4.53	0.46	0.9	c	a	c	b	c	1.69	4.63	9.68	7.21	4.29	a	b	b	b	c	9.35	4.65	6.34	4	0.28	a	c	b	a	c	3.34	8.53	7.29	9.76	5.72	c	b	a	a	b
x23	2.29	9.69	1.12	2.29	2	b	a	c	c	c	6.48	9.81	3.3	6.48	5.16	b	a	c	c	b	7.77	8.76	5.42	7.77	7.27	b	a	c	c	c	6.22	3.82	5.7	0.67	0.84	c	c	a	c	a	2.46	5.83	8.49	1.34	6.94	b	a	a	c	b	7.57	2.72	9.88	6.26	0.01	b	c	c	c	c
x24	5.65	4.99	5.16	2.96	8.21	a	b	c	b	c	4.91	0.44	9.73	7.84	6.38	c	b	c	c	a	0.87	6.75	4.95	4.06	4.95	c	c	b	a	c	2.91	8.66	8.73	4.82	8.73	b	a	a	c	a	4.06	0.27	2.32	9.86	2.12	b	a	c	a	b	5.2	7.26	7.01	3	3.57	a	b	b	b	c
x25	8.86	3.83	0.91	5.68	9.62	b	a	a	b	a	7.45	1.7	0.91	9.59	7.83	b	a	a	a	c	5.38	2.24	5.11	8.62	3.84	a	c	a	c	a	5.48	7.9	3.88	7.03	8.88	c	c	b	c	c	4.5	7.7	0.85	0.55	8.32	b	c	a	c	a	3.85	4.15	8.36	2.88	7.54	a	c	b	c	c
x26	4.08	7.9	8.83	0.01	7.43	c	a	c	a	a	3.44	9.75	2.37	5.74	5.17	b	c	a	b	c	5.8	5.9	7.29	4.74	5.19	b	a	a	b	a	2.38	1.02	5.97	1.15	5.94	b	b	a	c	a	3.46	2.18	2.8	3.23	1.07	b	a	c	c	b	6.78	9.88	7.27	5.82	1.69	c	c	a	a	c
x27	2.29	0.01	3.63	2.29	2.17	b	a	c	c	c	6.48	7.98	2.34	6.48	9.41	b	a	a	c	b	7.77	5.84	3.85	7.77	6.52	b	a	b	c	a	2.53	2.28	5.53	1.76	4.9	c	a	c	b	c	7.98	7.44	1.77	1.83	6.57	c	a	c	a	b	3.66	4.1	5.17	1.11	1.37	c	a	a	c	b
x28	2.29	6.44	4.71	2.29	1.06	b	a	c	c	a	6.48	9.88	0.14	6.48	5.38	b	a	a	c	a	7.77	4.37	4.95	7.77	4.95	b	a	a	c	b	9.33	6.07	8.73	9.15	8.73	a	b	a	c	c	0.52	7.43	4.99	1.54	0.06	c	c	c	b	a	5.18	1.67	9.92	5.47	3.74	a	c	c	a	b
x29	7.79	2.05	2.47	3.03	5.71	c	a	b	a	c	2.98	4.58	7	8.78	7.8	c	c	c	a	a	6.6	6.92	5.82	1.34	0.86	c	a	c	a	c	7.54	1.03	8.86	4.95	9.61	a	b	a	a	c	3.61	2.4	7.62	3.09	0.02	c	a	a	c	a	8.95	4.05	2.14	0.8	5.19	b	c	b	a	a
x30	4.85	1.89	8.96	2.13	2.43	b	c	c	b	c	1.61	2.01	1.64	4.51	3.59	a	b	c	a	a	2.45	0.49	3.12	5.88	4.07	b	b	b	b	a	3.5	8.34	7.3	5.29	3.55	a	c	a	a	a	9.41	5.36	1.53	0.19	2.96	a	c	b	c	a	0.32	7.58	1.05	5.65	1.95	b	b	b	b	a
x31	2.29	0.54	6.76	2.29	4.22	b	a	b	c	c	6.48	7.81	9.54	6.48	0.87	b	a	b	c	a	7.77	5.33	4.95	7.77	4.95	b	a	b	c	a	7.73	5.96	8.73	2.83	8.73	c	c	b	c	b	6.98	9.96	3.91	7.83	9.57	a	b	a	b	b	4.43	7.2	4.79	4.65	5.84	a	a	c	b	c
x32	3.42	8.51	5.88	6.08	9.51	a	a	c	b	c	7.07	7.91	2.98	2.98	5.2	c	b	c	a	b	3.31	6.95	6.12	3.49	0.52	a	b	b	b	a	8.57	4.1	2.11	9.09	6.04	b	c	b	b	c	9.83	3.32	9.24	5.94	2.03	b	a	c	b	a	0.47	4.11	9.25	2.12	5.35	c	b	a	a	a
x33	2.64	9.53	7.43	0.22	0.22	b	b	b	a	a	1.78	5.34	1.14	5.36	5.3	c	b	a	c	a	9.13	8	9.92	6.72	6.3	b	a	a	b	c	1.42	9.81	4.19	2.89	6.26	b	c	b	c	b	4.62	5.06	0.35	4.65	5.81	b	c	a	b	b	9.29	9.12	8.92	6.85	7.86	b	b	b	a	c
x34	3.62	5.54	5.93	8.63	4.73	a	c	b	a	a	1.49	6.54	5.64	5.24	5	b	a	b	c	c	5.92	1.28	4.49	6.2	5.02	b	a	a	b	b	5.65	0.47	9.37	0.15	8.08	a	c	b	b	a	6.43	6.56	0.27	7.76	3.46	a	c	c	b	c	3.57	8.9	2.63	0.04	7.52	c	c	a	c	c
x35	2.84	6.15	0.11	1.74	5.28	c	b	c	a	a	5.01	2.25	0.01	0.07	6.72	c	c	a	c	b	4.2	3.6	4.95	2.24	4.95	c	b	b	b	b	1.61	4.49	8.73	3.56	8.73	c	b	b	b	b	9.01	5.57	9.08	8.75	0.01	c	a	b	a	c	8.31	0.03	8.48	2.41	5.57	a	c	a	b	b
x36	5.46	2.08	4.31	6.41	4.86	b	c	c	a	b	5.91	9.41	6.51	2.68	4.42	b	a	b	c	a	8.27	4.52	4.26	8.69	5.93	a	a	a	c	c	1.29	1.48	9.93	4.82	4.7	b	a	c	b	a	3.04	5.01	9.77	0.03	4.23	b	a	a	b	c	3.61	4.18	4.02	0.8	8.93	c	a	a	b	c
x37	5.67	5.89	0.17	4.72	9.21	a	a	a	a	c	4.43	4.47	3.25	6.15	7.34	c	c	a	c	b	2.04	9.11	1.2	5.85	5.81	a	b	b	b	b	0.11	5.39	7.52	1.95	0.89	c	a	b	b	b	9.44	0.7	1.89	1.21	4.84	a	c	b	c	a	7.3	6.91	4.9	3.48	6.12	b	b	b	c	b
x38	2.33	4.53	6.77	2.95	3.36	a	a	b	a	a	1.47	4.81	0.89	2.77	5.37	a	b	b	b	b	8.14	7.96	4.19	1.67	9.98	a	b	b	c	a	1.44	5.03	6.9	6.81	2.98	a	a	b	b	b	8.2	1.41	2.51	4.19	8.94	b	a	b	a	a	1.68	1.7	1.3	7.35	4.52	a	b	a	a	c
x39	2.29	9.76	0.56	2.29	2.37	b	a	b	c	b	6.48	5.98	5.08	6.48	1.31	b	a	a	c	c	7.77	0.28	6.32	7.77	8.9	b	a	c	c	b	7.94	2.79	3.65	3.14	4.06	b	c	a	c	a	0.45	5.63	6.87	1.68	7.72	c	c	b	c	c	7.61	8.93	7.02	0.62	7.1	b	b	b	b	a
x40	8.61	2.56	5.62	3.22	1.81	b	a	a	c	b	0.85	7.45	5.67	6.07	6.93	c	c	b	b	c	1.44	4.57	9.13	9.98	5.31	b	a	b	a	a	4.59	5.93	0.5	7.82	3.45	c	b	a	b	a	4.75	5.35	2.82	6.86	4.49	a	c	b	c	c	7.05	2.8	5.66	9.81	9.08	a	a	a	b	b
x41	2.29	8.82	4.78	2.29	5.13	b	a	b	c	a	6.48	4.49	2.02	6.48	5.95	b	a	c	c	b	7.77	3.15	4.95	7.77	4.95	b	a	b	c	a	5.81	8.05	8.73	0.79	8.73	c	a	b	b	c	6.6	6.89	5.7	8.13	3.69	a	b	a	b	c	9.87	2.21	0.95	2.77	5.91	a	a	c	a	b
x42	6.65	3.49	2.44	2.89	9.72	a	c	c	a	a	4.18	7.64	3.4	1.99	7.05	c	a	c	c	a	4.44	3.91	9.66	7.45	5.48	c	c	a	b	b	2.48	3.78	5.5	5.7	1.58	b	c	a	b	c	9.94	7.49	2.83	1.33	6.29	a	a	a	b	a	4.83	4.82	5.74	7.28	6.09	b	c	b	c	c
x43	0.91	7.76	6.27	6.04	3.4	a	c	a	b	b	7.96	9.69	9.4	5.49	5.43	a	c	a	a	b	0.3	1.39	1.08	2.3	6.7	b	c	b	a	c	8.29	0.85	8.41	8.81	9.55	c	b	c	a	c	7.78	8.36	4.48	1.68	8.04	c	b	a	b	c	4.13	1.58	5.77	5.51	2.45	b	a	b	c	c
x44	6.32	0.3	6.15	7.55	5.41	c	c	c	c	a	9.33	1.85	3.97	8.77	4.91	c	b	a	c	b	5.66	6.81	3.77	6.91	0.42	c	c	c	b	b	6.11	1.29	0.96	9.99	8.62	c	c	c	b	b	8.16	3.4	6.86	4.75	8.49	b	c	b	a	b	5.92	7.96	3.03	0.61	0.83	c	a	b	b	a
x45	0.39	3.86	7.83	7.45	2.98	a	c	a	b	a	2.81	1.17	2.23	7.7	6.88	b	a	b	a	c	4.65	4.58	4.95	7.07	4.95	a	b	b	b	b	4.84	0.88	8.73	5.64	8.73	c	c	b	a	c	6.65	6.96	9.06	6.16	8.5	c	c	b	b	c	9.34	7.8	7.01	1.38	1.56	c	a	c	b	a
x46	0.75	6.72	1.23	1.23	6.57	a	a	b	a	c	8.19	8.75	4.9	9.17	4.42	b	b	c	c	b	1.23	5.86	3.97	5.45	7.87	a	b	c	c	a	0.51	2.17	9.67	6.72	5.84	a	b	b	c	a	7.11	5.9	9.91	7.24	6.68	c	c	a	a	b	2.68	8.83	4.37	1.59	2.88	b	a	a	a	a
x47	0.99	8.48	6.38	8.81	7.74	a	a	a	c	b	7.59	0.74	2.66	1.45	5.47	a	b	c	b	c	7.37	5.42	9.91	8.76	1.27	b	c	b	c	a	4.22	3.29	5.46	2.04	2.85	b	b	c	a	c	1.7	0.83	5.39	5.23	9.45	a	c	a	c	a	3.57	8.06	4.49	1.68	6.25	a	b	a	a	a
x48	6.58	0.85	6.15	8.44	4.88	a	c	b	b	a	0.62	8.07	9.96	8.39	2.05	c	b	b	b	a	2.14	6.55	6.69	4.33	7.92	a	a	b	b	c	6.98	4.48	6.86	8.48	6.31	c	a	b	c	c	6.48	0.72	7.95	5.4	7.78	b	a	b	c	a	0.07	0.69	8.21	7.66	1.29	a	b	c	c	a
x49	0.6	7.11	7.97	2.39	8.26	b	a	a	a	b	7.07	5.47	6.45	6.11	6.02	b	a	a	b	c	7.81	3.29	9.97	8.23	2.06	c	a	b	a	a	6.95	3.96	6.7	0.41	9.77	b	b	a	b	a	6.48	9.19	7.72	2.43	4.09	c	b	a	c	a	6.83	4.54	5.26	9.29	5.34	b	b	b	b	a
x50	4.07	4.46	8.2	7.47	7.21	c	a	c	a	a	5.49	6.63	4.03	2.62	4.89	c	b	a	c	b	0.63	1.13	4.95	9.34	4.95	b	c	b	a	b	7.73	8.03	8.73	2.31	8.73	b	b	b	c	b	0.28	3.41	1.23	9.78	6.93	b	c	a	a	b	4.84	1.91	7.42	1.46	6.54	b	a	b	c	b
x51	1.34	6.58	4.15	8.28	5.55	b	a	b	b	b	3.4	3.48	8.37	1.15	2.34	b	a	b	c	b	4.96	7.82	4.27	5.88	7.55	c	a	b	b	b	3.27	9.76	2.22	7.71	9.7	a	c	b	b	b	4.52	5.17	7.3	4.86	9.88	a	a	a	a	a	1.53	5.02	2.05	8.54	6.71	a	c	c	a	c
x52	8.87	7.13	2.49	3.66	1.95	c	a	a	a	c	7.71	9.92	8.34	2.16	9.29	c	b	c	c	c	3.54	5.51	6.68	0.87	9.91	b	a	b	c	b	7.2	6.57	6.98	0.17	6.27	b	c	b	c	b	9.23	1.4	2.62	2.34	6.01	b	a	b	b	c	7.37	0.48	4.78	1.06	7.28	b	a	a	b	c
x53	6.29	9.8	4.52	1.39	5.98	c	c	b	a	c	7.79	4.47	8.14	3.19	2.23	b	b	c	b	a	8.98	7.09	0.62	5.44	2.5	c	a	a	a	c	4.06	1.06	2.24	1.53	3.28	b	a	b	c	b	5.61	0.33	3.96	2.57	9.3	a	a	c	a	b	9.02	7.44	1.18	6.21	8.66	a	c	c	b	a
x54	7.28	2.58	8.38	0.33	2.67	b	a	a	b	b	0.63	6.25	7.22	2.19	2.05	a	a	a	c	c	5.38	8.01	6.53	4.29	8.32	b	b	b	b	a	3.84	9.62	1.08	2.7	6.19	a	c	b	b	c	7.06	1.84	0.68	7.31	5.11	c	a	a	c	a	3.11	9.01	0.88	9.23	2.01	c	b	c	a	c
x55	2.29	2.76	2.65	2.29	9.37	b	a	c	c	a	6.48	4.85	1.1	6.48	1.7	b	a	a	c	c	7.77	7.23	5.12	7.77	3.17	b	a	b	c	b	5.89	3.34	0.57	1.24	6.06	a	b	b	b	b	3.71	1.9	6.66	7.73	6.66	b	c	c	b	b	1.43	4.61	8.34	2.61	7.89	a	c	a	a	c
x56	2.29	2.98	4.87	2.29	8.76	b	a	b	c	a	6.48	3.35	9.62	6.48	8.06	b	a	c	c	a	7.77	3.83	5.96	7.77	8.62	b	a	c	c	c	2.51	8.48	9.43	2.95	7.13	a	b	a	c	a	5.11	3.97	9.11	4.93	6.88	b	a	a	a	b	6.99	3.73	5.05	5.66	1.06	b	a	c	a	b
x57	9.73	4.21	6.9	1.71	4.29	c	a	b	c	c	9.42	1.57	7.16	3.75	2.48	a	a	a	c	a	8.07	9.2	9.63	2.47	2.54	b	a	b	b	b	2.84	7.21	6.25	9.35	8.67	a	b	c	a	a	8.19	3.49	2.24	4.01	3.3	a	c	c	a	a	1.75	5.43	2.98	3.61	7.11	b	b	b	c	a
x58	1.05	3.91	3.45	3.15	3.27	c	b	a	c	a	2.1	7.12	0.78	8.29	8.78	c	b	a	b	b	2.49	8.2	9.17	1.84	8.07	c	b	b	b	c	5.39	1.08	2.96	9.2	0.02	b	a	b	a	b	6.36	7.36	10	1.92	3.45	b	a	c	a	a	8.88	3.99	8.98	1.41	0.05	b	b	b	b	c
x59	8.68	7.9	4.91	2.56	6.84	c	b	b	c	a	7.96	6.87	9.44	7.8	4.55	c	c	a	b	b	9.48	8.65	4.94	7.63	0.07	c	b	b	a	a	9.67	2.47	0.71	5.98	2.6	b	a	b	a	b	6.91	4.34	2.33	3.78	0.04	b	b	a	c	a	8.07	1.31	2.34	7.33	7.33	b	b	a	c	b
x60	2.29	0.7	9.43	2.29	9.51	b	a	b	c	b	6.48	6.19	3.86	6.48	8.71	b	a	a	c	c	7.77	1.1	4.95	7.77	4.95	b	a	b	c	a	2.71	9.49	8.73	7.5	8.73	a	b	a	c	a	0.01	3.55	0.95	9.26	7.11	a	a	c	b	a	7.4	0.81	4.29	3.44	7.95	c	a	c	b	b
x61	6.37	3.94	3.16	1.58	0.76	b	c	b	a	b	9.36	5.05	6.1	6.56	7.38	a	b	c	b	c	3.48	0.27	1.65	5.24	6.42	c	c	b	b	b	8.04	1.33	3.16	3.6	8.99	b	a	b	b	b	8.49	1.69	7.76	7.57	3.68	b	c	a	b	a	8.55	9.65	4.53	2.89	5.9	b	b	a	a	b
x62	6.46	1.91	9.51	4.71	7.81	b	a	c	a	c	2.18	0.63	8.36	4.61	7.31	b	b	b	c	a	4.63	4.77	3.12	9.26	5.29	c	c	c	a	a	7.73	6.13	9.65	6.75	3.96	c	c	b	a	c	1	4.25	7.56	9.06	3.17	b	b	c	b	b	6.82	5.05	1.39	8.7	1.08	c	a	a	b	b
x63	4.18	6.86	9.66	9.83	8.33	b	c	c	a	c	0.95	2.46	7.34	5.88	4.26	b	a	b	c	c	8.78	5.65	1.12	2.71	7.09	b	c	c	c	c	9.56	5.39	3.1	8.89	1.41	a	b	a	c	c	8.45	8.99	7.97	9.33	9.26	a	c	a	a	c	7.68	3.59	0.91	4.05	8.36	b	b	a	b	c
x64	0.62	5.8	3.78	8.77	3.93	c	b	a	c	b	5.65	0.03	1.81	0.42	4.92	c	a	c	c	c	4.92	7.31	2.17	5.07	1.59	a	c	c	a	c	0.51	5.25	6.61	2.55	4.11	b	a	a	b	b	2.12	9.99	4.86	4.55	7.03	c	c	c	a	a	3.99	7.36	0.93	4.08	1.48	c	b	c	b	b
x65	2.29	1.89	1.06	2.29	2.12	b	a	a	c	b	6.48	0.68	9.3	6.48	5.69	b	a	a	c	b	7.77	0.26	6.09	7.77	4.72	b	a	b	c	a	0.54	2.21	1.94	5.17	1.05	a	b	b	a	a	5.41	2.84	6.99	8.49	2.49	a	a	a	c	c	4.18	0.27	7.71	8.88	9.35	a	b	c	a	b
x66	1.43	5.15	2.06	4.47	5.65	b	b	c	b	a	5.99	6.52	1.65	3.59	2.16	b	c	a	b	a	3.5	5.5	0.06	4.39	6.92	c	a	b	b	a	7.64	3.66	9.2	1.83	3.04	b	b	b	a	a	3.47	8.69	1.83	6.29	4.75	a	c	b	b	b	4.55	4.64	5.41	4.41	6.18	b	b	a	b	a
x67	8.91	9.45	9.85	4.49	7.45	c	b	a	c	a	0.91	3.62	6.17	9.59	1.72	a	a	b	a	b	2.4	6.43	3.37	1.52	3.45	b	c	b	b	b	6.38	0.43	4.72	6.05	5.29	c	b	b	b	b	8.28	2.09	1.8	3.93	5.89	c	c	c	a	b	1.68	3.91	9.03	4.65	2.51	a	b	b	b	a
x68	3.69	2.8	4.19	1.7	1.81	b	c	c	b	b	1.5	5.36	3.27	7.1	1.41	b	a	b	c	a	1.47	3.49	7.17	8.46	2.87	c	a	b	c	c	7.34	6.5	6.05	9.8	2.11	b	a	b	c	b	6.17	3.74	9.45	9.52	0.57	a	c	a	a	c	2.78	3.48	8.24	2.46	4.27	b	a	b	c	c
x69	8.14	9.55	7.86	3.39	2.44	b	c	b	a	b	6.04	6.33	0.56	5.77	9.01	c	a	c	c	a	8.38	8.36	4.95	8.25	4.95	b	c	c	b	a	5.54	6.79	8.73	1.69	8.73	a	a	a	b	c	6.23	3.85	6.29	5.81	8.42	c	b	c	b	a	0.91	7.45	4.78	3.94	8.24	c	a	a	a	b
x70	5.51	6.74	0.47	5.66	3.19	c	c	a	a	b	9.7	4.33	3.02	8.82	7.91	c	b	b	b	c	7.54	9.91	7.98	7.85	3.02	c	b	b	a	b	1	9.39	6.34	0.97	4.63	a	b	a	c	b	1.27	1.44	1.64	8.91	3.78	b	a	c	a	a	9.83	4.62	4.04	0.98	6.31	b	c	c	b	b
x71	6.4	3.29	3.52	9.09	7.61	a	c	c	b	b	7.14	3.12	0.82	0.68	9.09	b	c	a	c	b	2.26	2.6	6.66	0.95	9.66	a	c	b	c	a	5.46	3.7	0.18	1.89	1.99	b	a	c	a	a	3.26	3.79	6.46	6.84	2.26	b	c	b	b	a	1.57	7.14	6.83	7.04	7.84	a	b	c	b	a
x72	2.29	2.44	5.02	2.29	6.15	b	a	a	c	c	6.48	3.29	9.13	6.48	3.93	b	a	a	c	b	7.77	0.05	7.46	7.77	0.23	b	a	a	c	a	8.04	7.48	9.92	1.15	5.46	a	c	b	c	a	6.24	8.12	8.66	4.11	9.62	c	a	a	a	b	0.35	1.97	9.72	7.87	6.38	a	a	b	c	a
x73	1.46	5.09	8.87	7.53	0.58	b	a	c	a	b	7.93	3.33	5.35	4.93	1.67	c	c	a	a	c	5.44	5.78	4.95	5.23	4.95	a	a	b	a	b	6.84	6.51	8.73	7.55	8.73	b	b	c	c	c	1.23	1.83	4.49	0.3	1.13	b	a	b	c	c	5.05	7.57	6.5	6	7.69	b	c	b	b	c
x74	1.15	7.5	1.53	7.73	9.62	b	a	a	b	a	5.5	9.87	5.61	8.01	2.23	b	b	b	c	b	5.44	5.74	1.47	1.8	0.07	b	a	b	a	a	3.57	5.68	1.08	8.92	5.01	a	a	b	b	b	5.38	9.66	8.42	7.8	8.51	c	c	b	b	c	4.51	7.04	2.56	8.68	3.82	a	b	a	a	b
x75	4.39	2.33	4.98	9.08	3.44	a	a	b	c	c	6.18	1.32	1.88	6.73	4.79	a	c	a	b	b	1.37	8.34	4.15	4.5	1.88	c	c	a	b	a	5.32	6.81	4.64	5.41	2.84	a	b	c	b	c	6.22	9.34	2.26	8.63	3.62	c	a	c	c	c	6.25	4.95	0.15	7.37	7.17	c	b	a	c	b
x76	2.29	8.54	7.7	2.29	1.67	b	a	c	c	b	6.48	2.62	5.03	6.48	9.57	b	a	c	c	c	7.77	3.87	8.27	7.77	8.89	b	a	a	c	c	2.02	2.89	8.09	8.47	4.89	a	a	c	c	b	1.27	0.43	6.26	4.26	2.08	a	c	a	b	b	9.33	9.89	3.56	7.11	5.41	b	c	a	a	c
x77	0.11	4.22	9.66	1.65	7.89	a	b	c	b	c	1.82	2.41	1.39	3.13	6.03	c	a	a	b	b	4.08	9.9	1.2	7.94	3.75	c	a	b	c	a	5.77	8	0.72	2.69	9.41	b	a	c	b	c	4.54	7.14	3.61	9.95	0.5	a	c	c	a	c	4.29	1.13	4.72	6.42	4.53	c	b	c	a	c
x78	8.27	8.2	5.13	2.84	4.79	c	a	a	a	c	7.27	1.83	1.94	3.2	9.51	a	a	c	c	b	8.55	9.79	0.31	4.98	1.56	a	a	b	b	b	2.84	4.72	2.17	5.39	3.35	b	c	b	b	b	9.62	3.89	6.55	3.27	4.78	c	b	a	c	b	5.03	7.39	7.93	4.24	1.72	c	b	c	c	b
x79	9.6	3.37	0.71	2.61	5.8	a	a	b	b	b	1.75	2.06	9.71	1.88	8.93	c	c	a	c	c	2.22	0.04	6.26	3.81	4.28	c	b	a	b	a	3.08	7.1	3.58	4.59	4.73	b	b	c	a	a	8.24	1.2	0.06	4.86	2.56	c	b	a	b	c	7.85	8.82	4.93	4.49	8.62	b	a	c	a	b
x80	8.24	4.91	5.81	5.69	0.05	a	a	c	a	b	2.74	0.68	0.4	7.99	2.61	b	c	c	b	c	9.2	4.28	4.59	2.58	9.07	a	b	a	a	b	9.99	4.7	7.7	5.92	9.39	c	c	c	b	b	5.72	9.25	2.39	0.43	5.25	b	a	a	b	a	8.59	0.17	4.9	8.72	4.09	c	a	c	a	a
x81	3.43	3.3	8.33	10	3.61	b	a	b	c	c	3.01	9.77	3.48	1.2	5.94	a	c	a	c	c	3.03	2.68	5.55	9.11	3.24	a	c	b	b	b	10	1.06	6.29	0.48	8.7	a	c	b	b	b	2.74	3.15	2.95	1.44	8.31	a	c	c	b	b	0.02	8.25	1.96	1.32	7.4	b	a	c	b	b
x82	6.87	6.65	0.88	2.44	7.35	b	c	b	b	c	6.06	5.99	9.68	7.72	8.38	a	a	c	c	c	7.91	4.18	1.6	1.52	5.88	c	c	b	b	b	7.82	1.43	0.13	4.92	4	a	c	b	b	b	2.11	6.69	8.34	6.71	4.31	c	b	c	b	b	4.83	4.92	4.97	3.57	2.31	b	c	c	c	a
x83	2.29	7.98	8.82	2.29	4.79	b	a	c	c	a	6.48	0.17	0.78	6.48	8.85	b	a	a	c	b	7.77	7.32	1.8	7.77	4.98	b	a	a	c	a	0.22	9.93	7.64	1.44	0.67	a	b	b	c	a	3.9	6.75	3.08	0.49	6.75	a	c	c	c	a	2.49	4.01	6.05	4.96	9.55	b	b	c	b	c
x84	1.18	0.51	6.85	1.41	0.9	c	b	c	c	a	9.58	9.24	8.44	2.47	6.09	b	b	c	a	b	5.14	9.56	2.43	6.34	5.88	b	b	a	a	c	3.66	3.76	6.91	4.59	5.82	c	c	a	b	a	5.39	8.42	3.99	1.19	4.35	c	b	b	a	a	7.52	2.05	3.82	2.75	2.09	c	a	c	c	c
x85	0.34	5.8	4.73	4.23	3.4	b	b	a	b	c	1.46	6.94	8.78	1.11	4.63	a	c	c	a	a	7.28	6.86	2.02	3.16	7.13	c	c	c	c	a	9.38	3.5	2.59	4.86	8.69	a	c	c	a	b	7.53	4.68	5.56	7.49	5.33	c	a	b	c	b	9.46	1.76	6.63	9.4	4.17	a	b	b	b	b
x86	2.42	2.01	4.9	7.6	5.17	a	c	b	b	c	9.02	1.47	8.69	9.5	3.18	a	a	a	a	a	2.52	3.62	5.25	6.15	5.07	c	a	c	c	a	9.93	2.8	7.68	1.27	9.88	c	a	a	c	a	3.11	5.35	2.3	3.02	2.8	a	b	c	c	b	2.79	5.77	1.36	9.38	4.24	b	c	c	a	a
x87	5.58	8.45	7.27	8.29	2.2	c	a	c	b	c	8.32	8.87	4.7	3.24	8.76	b	c	b	b	b	5.2	4.79	4.56	3.26	2.67	c	a	b	b	a	2.98	1.55	2.94	5.36	7.05	c	a	c	b	b	8.66	4.66	1.49	6.48	0.72	a	a	c	a	b	4.2	0.85	2.83	1.66	2.83	c	c	b	b	a
x88	2.09	0.57	9.58	9.63	5.02	b	a	c	a	c	9.01	1.73	0.54	4.93	2.14	c	b	c	c	c	0.19	8.3	4.95	5.05	4.95	a	c	c	c	c	0.02	0.49	8.73	0.26	8.73	c	a	b	a	a	6.55	3.15	3.56	7.96	6.98	a	b	c	a	b	7.96	7.75	0.68	1.09	8.32	b	c	a	c	b
x89	2.29	8.21	7.09	2.29	5.72	b	a	a	c	c	6.48	6.12	6.53	6.48	5.25	b	a	b	c	c	7.77	6.86	5	7.77	9.4	b	a	b	c	a	9.93	8.81	5.84	7.55	1.03	b	b	c	c	c	5.75	0.65	6.11	5.49	1.56	b	c	c	a	b	7.08	9.58	1.26	7.81	5.1	c	a	c	c	c
x90	3.01	3.64	9.31	9.79	3.22	b	a	b	c	c	5.13	5.44	6.22	3.05	7	c	a	a	c	b	4.8	0.08	6.35	0.35	9.55	a	b	a	a	a	7.59	1.21	1.01	8.48	5.65	c	a	a	a	c	4.57	0.29	6.86	7.09	1.55	b	c	b	a	a	1.8	6.28	3.91	2.46	0.99	c	c	c	a	b
x91	7.75	3.98	8.7	7.92	6	c	a	a	b	c	0.68	4.15	3.72	6.7	2.16	a	c	c	a	a	6.95	8.19	3.05	2.79	7.42	c	a	b	b	b	5.74	7.33	8.48	7.83	8.23	c	b	a	a	b	6.92	4.75	0.58	7.88	2.06	b	a	c	a	b	8.94	1.52	7.22	0.66	7.13	a	c	c	a	c
x92	4.72	4.7	3.96	0.67	1.82	a	c	b	a	b	0.52	5.57	8.15	2.78	3.27	b	c	b	a	b	3.77	3.84	0.82	8.66	0.31	b	b	c	a	c	5.51	0.62	8	7.2	10	b	b	c	c	a	4.3	1.56	2.35	3.3	8.49	b	c	a	c	c	0.23	4.27	5.29	5.39	9.79	c	c	b	b	b
x93	2.29	6.81	8.29	2.29	2.46	b	a	a	c	c	6.48	7.47	6.65	6.48	7.42	b	a	a	c	c	7.77	9.15	4.95	7.77	4.95	b	a	b	c	c	4.05	2.11	8.73	6.63	8.73	b	a	a	a	b	8.44	9.25	2.07	1.73	9.39	a	b	a	a	c	1.22	9.41	4.9	1.34	2.47	c	c	b	c	c
x94	8.92	4.71	8.49	0.45	5.6	c	b	b	a	c	8.23	2.8	3.24	4.58	4.61	a	a	a	c	c	5.31	0.71	8.52	4.52	4.7	a	a	b	c	a	9.04	6.53	4.33	5.96	3.18	a	a	c	c	a	9.37	1.41	9.53	6.13	1.95	a	c	a	c	b	1.26	2.33	7.9	2.52	1.3	b	b	a	a	b
x95	6.41	2	3.66	2.92	2.2	b	b	c	a	c	7.38	1.89	8.64	9.56	8.22	a	c	b	b	a	5.84	5.23	4.95	7.18	4.95	b	c	b	b	b	3.3	6.13	8.73	7.36	8.73	a	b	b	b	b	1.56	9.68	3.03	7.05	8.39	c	c	a	c	a	0.43	6.71	9.38	8.9	9.15	b	c	c	c	b
x96	9.41	5.67	6.3	3.06	8.13	b	a	a	a	c	5.24	9.2	7.37	0.17	2.12	a	b	a	a	a	8.7	6	3.23	6.58	2.98	c	b	c	a	c	0.03	8.79	3.78	6.02	8.07	a	c	c	c	a	3.79	3.13	7.71	7.48	1.85	b	c	a	c	c	9.34	4.55	3.51	5	0.93	b	b	b	a	b
x97	6.87	0.16	8.56	2.34	2.31	c	b	b	c	b	6.69	2.13	9.26	5.9	9.13	a	c	a	b	a	8.04	3.12	4.13	2.56	4.76	a	b	a	a	c	3.52	8.98	1.55	4.54	7.9	b	a	c	a	c	5.85	9.65	1.66	6.04	6.6	b	a	c	b	b	5.69	4.52	4.3	9.11	3.39	b	a	c	b	c
x98	7.6	5.02	1.19	0.97	4.88	b	b	a	a	b	6.47	8.09	8.09	8.53	9.95	a	b	b	a	b	5.06	2.69	2.28	2.87	5.14	a	c	b	b	b	0.71	4.1	3.8	1.24	9.6	c	b	b	b	b	8.36	0.52	5.79	3.18	4.97	a	a	c	a	a	1.45	4.37	0.95	8.07	1.29	b	b	c	c	b
x99	9.21	3.37	8.77	9.8	0.94	b	a	a	a	b	5.32	4.15	1.82	8.64	0.27	a	c	a	c	c	2.28	4.55	4.95	1.41	4.95	a	c	a	c	b	3.21	7.89	8.73	7.49	8.73	a	c	a	b	b	4.96	6.83	5.21	3.24	2.81	c	c	a	a	a	2.09	2.87	1.02	7.9	7.59	b	a	b	c	a
x100	7.67	4.38	3.43	3.61	8.15	b	c	a	b	c	8.03	4.79	2.3	9.28	4.18	c	a	b	c	b	9.2	5.72	8.51	2.54	4.25	a	b	b	b	b	8.63	3.12	7.74	3.77	8.3	a	b	b	b	b	7.45	6.57	3.77	9.4	5.68	a	c	c	a	a	6.46	8.6	6.68	2.52	9.53	b	a	a	a	a
x101	2.29	4.13	4.6	2.29	6.2	b	a	c	c	b	6.48	2.62	10	6.48	7.3	b	a	a	c	c	7.77	1.53	8.74	7.77	1.22	b	a	c	c	a	5.86	2.32	9.66	9.92	8.13	a	c	a	c	a	1.06	7.31	6.27	6.52	4.76	c	b	a	b	b	5.97	8.23	0.83	8.78	0.09	c	a	a	c	c
x102	5.53	4.73	6.75	6.1	7.29	c	c	b	c	a	1.51	9.52	9.75	7.53	0.31	a	b	c	c	a	1.52	8.84	8.62	8.53	2.81	b	a	b	b	b	5.41	9.13	2.65	7.35	1.48	b	b	b	b	b	8.05	6	7.31	9.37	1.64	a	c	b	c	a	7.13	4.62	8.55	4.03	9.18	c	c	b	b	c
x103	7.2	7.34	9.33	3	7.66	c	b	a	c	b	4.96	9.69	8.56	0.64	8.42	a	a	a	a	b	6.68	9.91	0.97	1.57	0.65	a	c	a	a	a	8.06	4.4	7.34	4.28	7.39	c	c	a	c	c	2.92	4.19	5.45	0.62	8.55	c	b	a	c	c	2.74	2.39	3.65	7.6	1.43	b	b	a	b	a
x104	1.77	7.43	3.99	3.4	0.33	a	b	b	b	b	3.9	5.29	2.65	2.49	1.02	a	b	c	b	b	0.64	9.68	9.14	5.69	2.43	b	c	b	c	c	6.38	1.62	7.95	9.76	0.12	b	a	c	b	a	6.9	1.13	4.31	6.49	6.06	b	b	a	c	c	2.25	0.91	7.97	8.32	3.32	c	b	b	a	b
x105	6.96	6.6	9.12	6.45	7.44	c	c	c	b	a	5.67	2.43	9.4	7.23	2.5	b	b	a	c	a	8.48	8.06	5	2.25	9.2	b	a	b	b	a	3.85	8.12	0.14	7.31	9.6	c	b	c	c	a	1.77	3.23	1.23	2.28	6.65	a	a	a	b	c	0.1	8.11	2.12	9.3	4.89	c	c	b	a	b
x106	9.63	2.46	5.7	8.43	1.45	c	b	b	a	c	2.29	1.81	3.74	7.89	9.91	c	c	b	b	a	7	0.1	9.64	5.96	3.61	b	a	b	b	b	4.73	0.27	9.91	3.88	2.23	b	c	b	b	b	8.8	3.56	6.46	5.45	1.56	c	b	b	b	a	4.49	5.02	9.83	2.08	9.91	b	b	a	b	c
x107	3.81	1.73	0.8	8.71	1.32	c	c	c	b	a	5.96	4.62	7.2	6.08	4.96	c	b	c	c	b	0.57	5.48	8.37	4.49	8.11	c	c	b	b	b	1.13	7.63	5.03	7.85	3.23	b	b	b	b	b	8.37	2.19	3.07	2.9	4.3	c	b	b	c	c	8.67	5.83	8.49	3.21	1.43	b	a	a	c	b
x108	4.31	4.66	7.04	4.37	1.64	a	b	c	a	a	2.16	7.14	3.12	6.32	7.93	b	c	c	b	c	9.89	3.64	7.68	6.72	2.92	a	a	c	c	c	8.62	6.85	6.38	7.63	9.04	b	a	c	b	b	7.34	2.31	2	4.96	8.79	b	a	a	c	c	4.2	3.27	9.88	1.59	1.46	a	a	b	a	c
x109	2.79	1.36	7.77	5.24	3.37	a	c	c	c	a	4.21	0.16	4.31	6.74	0.48	c	a	c	b	c	1.27	5.47	9.27	0.94	1.08	a	a	c	b	a	4.3	7.26	7.42	5.42	9.53	b	c	c	a	b	4.26	1.87	5.45	8.21	7.74	a	c	c	b	a	6.6	6.72	4.45	6.05	8.94	b	a	a	b	a
x110	2.29	4.64	8.88	2.29	1.84	b	a	c	c	a	6.48	2.64	1.04	6.48	0.78	b	a	a	c	a	7.77	4.67	2.31	7.77	5.79	b	a	a	c	b	2.26	1.3	3.92	3.65	5.68	a	a	a	c	c	5.2	1.4	7.96	2.91	3.1	a	b	b	a	c	1.02	9.98	6.9	0.59	0.56	a	c	b	b	c
x111	7.98	3.71	7.63	6.13	2.63	a	c	a	b	b	1.9	7.88	0.85	1.55	3.87	a	c	b	b	c	3.62	5.9	4.95	5.03	4.95	b	c	b	b	c	8.46	4.37	8.73	5.87	8.73	a	c	a	c	a	2.49	2.32	7.56	2.82	4.07	a	a	b	b	a	2.45	0.74	4.06	2.43	5.94	b	b	a	b	c
x112	3.79	0.16	2.03	5.62	4	a	a	a	c	a	4.72	7.46	4.71	7.73	4.49	b	a	c	b	b	7.41	9.06	1.14	2.44	8.87	a	a	a	c	b	1.46	0.62	5.93	0.84	0.01	a	b	a	a	c	4.12	2.06	8.57	6.04	4.77	b	b	c	c	c	0.59	0.07	7	0.29	2.72	b	a	b	c	a
x113	9.65	2.28	3.77	8.85	4.99	c	a	a	c	c	5.65	4.59	3.64	1.44	9.62	a	a	a	c	a	0.87	7.78	2.93	7.95	2.06	b	c	a	a	b	2.07	5.81	0.62	9.15	6.75	a	c	a	a	a	3.3	7.81	3.65	6.52	6.26	c	c	a	c	c	6.34	4.11	6.63	1.34	8.59	c	a	b	c	b
x114	0.73	7.93	6.99	1.72	7.11	c	c	c	a	b	5.74	3.83	1.96	2.83	7.52	c	b	a	c	c	2.89	3.25	9.15	9.59	4.08	a	b	a	c	b	8.16	6.75	9.03	8.55	9.19	c	c	c	a	a	1.27	6.9	4.04	2.65	7.71	b	b	a	a	c	2.77	5.43	6.16	6.98	5.94	c	a	b	b	c
x115	6.9	2.25	0	5.33	5.13	c	a	c	c	b	8.98	2.76	7.76	4.97	8.79	c	c	a	a	c	2.94	0.15	0.02	4.68	5.09	c	a	a	b	c	5.12	2.04	9.91	6.56	3.09	b	b	c	c	a	0.88	5.76	0.07	4.16	0.61	a	b	b	a	b	0.06	3.37	8.95	1.79	2.28	b	c	c	a	b
x116	2.29	5.59	6.45	2.29	2.29	b	a	a	c	a	6.48	2.49	7.71	6.48	2.68	b	a	a	c	a	7.77	6.27	0.74	7.77	8.02	b	a	b	c	c	0.19	6.79	0.12	9.86	9.67	a	a	a	b	c	9.51	8.89	5.15	2.61	2.46	a	c	b	c	a	2.82	9.08	3.03	2.05	3.36	c	a	a	a	c
x117	4.78	1.98	5.58	4.7	6.09	b	a	b	a	b	4.67	3.98	0.23	2.38	2.46	c	a	b	c	c	5.77	1.05	3.7	5.84	9.3	c	c	c	a	c	3.7	8.97	3.95	0.71	1.16	c	b	c	c	a	9.94	5.58	4.24	4.5	4.33	b	b	a	b	b	9.02	8.88	7.82	2.07	0.96	a	a	c	b	a
x118	7.53	4.18	9	4.48	1.42	b	c	c	c	b	9.79	3.26	6	3.89	7.33	a	a	a	a	b	3.97	2.39	7.97	0.46	4.34	c	b	b	a	c	4.94	0.35	3.93	0.76	2.86	a	c	a	a	b	7.47	2.6	5.51	5.19	5.46	b	b	b	c	b	3.88	3.72	9.2	1.32	0.59	c	a	c	c	b
x119	4.8	5.4	2.57	0.91	9.28	c	c	a	a	a	5.09	7.8	0.47	7.22	7.32	c	a	a	a	b	4.18	3.18	4.95	0.85	4.95	c	b	a	b	b	1.35	2.88	8.73	8.02	8.73	b	b	b	b	b	1.7	9.19	8.98	3.6	2.13	b	c	c	b	c	3.13	5.39	3.46	9.12	2.55	b	b	b	a	c
x120	2.05	9.82	9.02	1.77	8.15	c	b	c	b	b	8.23	1.16	1.52	3.86	2.36	a	c	c	a	a	8.74	9.86	9.62	8.43	5.25	c	b	c	c	b	1.47	8.43	2.74	1.51	2.24	a	b	b	c	a	9.65	0.31	1.14	2.15	3.64	b	c	b	a	a	0.24	4.5	3.04	3.42	6.69	a	c	b	b	b
x121	4.3	9.46	8.04	2.99	2.23	b	b	b	a	b	7.12	7.27	4.2	0.82	0.27	c	b	c	c	a	4.56	4.92	8.08	5.5	7.75	a	b	c	c	a	9.72	9.41	2.48	6.44	6.58	a	c	c	c	c	0.5	4.74	5.16	5.79	1.66	b	b	a	a	b	5.5	0.76	4.07	1.14	9.71	b	a	b	b	c
x122	3.7	2.82	5.85	8.01	4.45	a	a	a	c	a	9.69	9.89	3.31	2.58	6.21	b	a	c	a	b	0.04	3.52	4.95	0.33	4.95	a	b	a	a	c	0.17	4.49	8.73	7.32	8.73	a	a	a	a	b	9.44	3.6	4.38	6.68	7.23	a	c	c	a	b	5.34	4.33	3.47	6.62	6.39	b	c	b	a	a
x123	3.21	1.39	5.82	0.21	0.72	a	c	b	c	b	0.33	1.72	8.54	2.94	6.65	b	a	b	a	c	1.22	5.67	8.18	8.46	5.94	b	b	c	b	c	6.97	7.93	9.23	6.64	3.75	a	b	a	c	a	5.83	2.89	4.52	6.68	9.2	a	c	c	b	a	9.41	4.34	8.93	2.42	1.15	b	a	b	c	a
x124	3.94	4.95	2.08	1.01	0.53	c	c	a	c	a	2.7	2.22	8.46	5.75	5.23	c	a	c	b	c	7.37	7.74	1.65	5.69	6.96	a	a	b	b	b	0.25	3.66	4.15	2.76	7.56	c	b	b	b	b	8.45	9.17	6.77	3.32	1	a	a	c	c	b	5.7	1.88	7.35	0.74	4.58	b	c	a	c	a
x125	2.29	2.59	5.86	2.29	0.07	b	a	a	c	c	6.48	3.69	9.61	6.48	3.69	b	a	a	c	c	7.77	6.81	3.69	7.77	7.09	b	a	a	c	a	9.15	8.47	3.47	7.97	6.83	b	b	a	a	b	5.9	3.86	4.64	6.82	4.03	c	b	c	a	c	1.71	0.94	6.38	3.82	8.56	a	a	b	c	c
x126	8.45	4.11	1.93	5.72	6.06	a	b	b	c	a	4.81	7.77	4.97	8.16	0.24	c	b	b	c	b	4.51	0.5	6.18	3.96	5.39	c	a	c	c	a	7.46	3.65	5.46	8.87	4.19	b	b	a	a	a	2.66	3.11	6.53	3.11	2.81	c	b	c	b	b	0.19	3.98	8.37	3.49	4.35	b	c	c	a	b
x127	5.77	8.3	1.68	9.02	9.83	b	b	c	b	c	4.66	7.96	6.22	6.31	6.57	c	c	b	a	c	1.71	2.22	2.87	3.04	8.36	a	b	b	a	b	3.24	3.87	8.88	7	3.25	b	b	b	c	c	4.63	9.4	8.44	5.65	0.82	a	c	c	c	a	4.32	9.13	3.53	8.47	9.68	a	b	b	a	b
x128	9.36	5.73	0.24	2.05	1.16	a	b	b	c	a	4.53	1.65	5.61	1.39	5.8	a	b	c	a	c	3.6	7.28	3.73	7.5	6.43	c	b	b	b	b	5.16	1.37	2.36	1.17	9.7	c	a	b	b	b	1.3	4.15	6.96	9.49	7.91	b	c	a	b	a	7.64	0.87	4.47	2.18	1.03	c	a	c	c	a
x129	1.45	0.51	0.11	2.63	4.44	c	a	a	c	c	5.63	0.7	5.87	0.3	6.87	b	b	c	a	c	6.14	2.97	1.62	4.22	8.01	b	b	c	a	c	7.49	5.79	6.05	2.35	4.52	c	a	c	b	b	0.12	1.89	4.2	6.31	5.54	c	a	b	c	a	7.54	7.71	6.16	2.34	7.9	a	a	c	a	c
x130	8.45	3.93	1.73	8.73	7.03	b	a	b	b	b	8.62	3.66	0.26	7.91	9.78	c	b	b	c	b	9.45	5.81	3.76	3.71	9.05	b	b	b	a	b	5.65	3.24	5.02	0.86	7.64	c	a	c	c	a	5.68	3.71	7.24	7.88	3.39	a	a	c	b	a	5.94	0.11	3.76	3.73	6.44	a	c	a	c	b
x131	0.59	2.1	2.94	2.69	8.06	c	c	b	c	b	5.88	7.46	0.99	8.95	5.87	a	a	c	c	a	8.81	8.01	4.95	2.44	4.95	c	a	b	b	b	1.33	2.16	8.73	0.1	8.73	c	a	b	b	b	0.78	8.57	4.76	8.99	6.29	c	a	a	c	c	0.72	1.6	7.68	7.14	9.61	b	a	c	b	a
x132	7.14	4.5	9.55	2.92	6.37	b	c	a	b	a	4.46	4	7.66	8.77	2.82	b	c	b	b	c	4.49	4.78	6.56	1.88	4.62	a	c	b	c	c	0.93	1.13	0.76	2.93	7.72	c	b	b	c	b	4.25	3.05	7.38	3.96	6.37	a	b	a	b	a	4.78	0.13	1.56	4.92	2.71	c	b	b	b	b
x133	6.51	8.91	6.83	3.01	1.94	b	a	a	c	a	6.87	9.07	3.87	4.67	0.56	b	a	b	b	b	8.12	9.45	8.51	9.95	0.72	b	c	b	a	c	0.54	5.54	2.96	9.33	3.63	c	c	a	a	b	4	7.09	1.44	5.58	1.6	c	a	b	c	c	1.94	4.21	0.4	8.75	2.87	c	a	b	b	b
x134	7.4	9.29	4.62	7.04	8.63	b	b	b	c	a	2.76	3.85	5.04	8.54	2.41	a	a	a	b	a	5.02	2.14	8.82	4.51	5.87	c	b	b	b	a	5.59	2.19	5.59	1	0.59	c	a	b	b	a	1.6	3.88	6.06	0.38	7.78	a	b	a	c	c	0.66	6.92	8.44	1.23	9.39	c	c	b	a	a
x135	5.86	4.95	3.56	8.85	9.56	c	b	c	c	a	6.62	4.45	5.57	5.49	9.45	a	b	a	a	c	2.16	8.48	2.53	8.17	1.51	b	b	b	b	b	7.31	1.65	9.91	0.18	7.15	a	a	b	c	a	9	9.58	7.27	3.32	0.83	c	c	c	a	c	8.5	4.36	0.16	9	6.61	a	b	b	c	a
x136	2.29	3.99	5.37	2.29	0.71	b	a	b	c	c	6.48	5.79	6.3	6.48	8.24	b	a	b	c	b	7.77	2.84	4.37	7.77	9.15	b	a	a	c	b	3.67	7.12	2.53	7.89	7.48	c	a	b	b	a	8.42	9.89	6.36	1.91	8.52	a	b	c	c	c	6.81	9.71	8.75	2.67	3.56	a	a	a	b	a
x137	9.14	6.75	6.41	2.81	4.52	a	a	b	a	c	1.43	9.13	8.21	2.89	4.1	c	c	b	b	a	0.56	8.27	9.47	8.14	3.15	a	a	c	a	c	0.93	0.5	9.71	5.26	5	c	c	b	b	a	2.11	3.97	0.34	6.96	0.02	c	a	b	a	b	5.25	3.37	5.24	8.6	7.04	c	a	a	b	b
x138	3.82	7.16	0.59	0.17	1.72	c	c	a	a	c	5.34	7.78	9.65	4.78	0.71	c	a	c	a	a	0.22	8.55	7.99	8.8	5.78	b	c	b	b	b	6.79	4.46	4.03	4.22	4.97	c	b	b	b	b	6.29	1.38	3.73	4.75	5.74	a	b	a	a	a	5.51	6.14	9.29	4.76	7.85	b	b	a	c	b
x139	3.15	2.06	7.1	5.71	9.95	b	a	c	b	b	7.95	7.53	6.93	9.09	5.16	c	a	a	c	b	8.2	0.04	7.81	2.18	4.54	c	c	b	b	b	8.63	5.83	7.77	1.72	8.4	a	b	b	b	b	0.68	3.09	1.7	1.67	7.88	c	a	a	b	a	1.02	6.14	3.01	3.2	8.98	c	b	b	a	b
x140	4.77	7.24	6.78	9.34	2.88	a	c	b	c	c	0.44	6.04	1.45	9.27	4.44	a	c	c	a	c	2.78	4.4	6.95	9.03	0.03	c	b	b	b	b	7.03	7.19	9.97	3.82	5.77	b	b	b	b	b	2.88	5.94	5.83	3.59	8.63	b	c	a	c	c	4.42	1.84	3.15	1.14	4.54	b	c	b	c	a
x141	0.28	7.17	0.66	7.2	8.28	b	b	c	a	c	7.69	4.82	2.39	1.43	5.85	b	a	c	b	b	2.28	1.66	9.24	4.44	6	a	b	b	b	b	1.53	7.31	1.7	4.25	9.55	b	c	b	a	b	5.27	2.33	5.76	6.37	9.88	c	b	c	b	c	1.74	8.7	5.46	8.68	9.58	b	c	c	a	b
x142	2.6	8.79	3.11	1.01	0.47	c	b	c	b	c	5.4	3.01	5.06	2.99	7.04	b	c	a	c	c	1.62	3.83	8.19	7.21	7.35	a	c	b	b	b	1.28	8.16	9.62	1.03	9.07	c	b	b	b	b	2.25	9.38	3.47	1.93	7.25	c	a	c	b	a	2.45	7.84	3.68	0.24	5.89	a	a	a	c	c
x143	3.4	4.12	5.91	5.09	9.65	b	c	c	b	c	6.89	2.01	2.04	4.18	7.09	b	b	c	a	b	5.02	3.67	2.14	1.14	4.12	c	a	a	a	b	1.09	3.1	3.81	2.34	2.57	a	b	b	b	b	0.16	1.29	6.2	4.72	3.34	a	c	c	c	b	9.8	6.46	8.83	7.61	1.36	b	c	a	a	a
x144	0.83	8.68	2.91	4.36	4.92	a	b	a	c	a	9.76	2.83	4.55	1.99	4.42	b	c	c	c	c	6.71	0.15	7.19	9.34	6.8	b	b	b	b	b	2.52	4.24	9.36	8.27	4.84	c	c	b	b	b	7.03	4.05	7.73	3.73	8.63	a	a	b	c	c	0.98	9.12	5.59	9.23	1.85	a	b	a	c	a
x145	5.6	9.4	8.96	0.48	6.76	c	c	c	b	b	5.81	2.69	1.11	5.2	8.95	c	b	b	a	c	4.56	2.14	3.48	8.29	2.21	c	b	c	c	c	4.14	3.83	8.02	2.87	8.7	a	b	a	b	c	8.16	6.22	3.91	1.55	3.82	c	a	b	a	b	8.75	4.79	1.34	5.81	9.45	c	b	b	b	a
x146	4.85	9.28	8.21	9.31	6.34	b	b	a	c	b	0.81	2.78	5.33	0.52	4.96	c	a	a	c	a	1.15	6.05	2.67	8.11	4.51	c	c	b	b	b	3.79	6.07	6.43	0.62	8.98	b	a	a	b	b	2.88	1.29	1.42	8.54	6.88	c	a	b	c	a	5.72	5.25	4.3	9.19	0.87	b	a	c	b	b
x147	4.29	8.51	1.34	1.84	5.56	c	b	a	b	b	4.35	2.68	7.02	9.27	1.1	c	b	a	b	c	2.41	6.21	4.63	7.5	2.64	b	a	a	c	b	8.52	0.62	5.06	0.75	6.19	c	b	c	b	a	9.27	4.72	1.38	9.24	1.28	b	c	c	b	a	3.34	0.32	2.69	4.72	7.23	a	a	a	a	a
x148	9.57	9.91	3.22	3.96	1.93	c	b	b	b	c	6.05	1.61	7.71	6.45	3.08	a	b	a	c	b	9.41	0.7	1.18	9.66	6.82	c	c	c	b	b	7.39	8.9	9.47	5.97	4.01	c	b	b	a	c	4.49	1.13	3.91	4.99	2.72	b	a	b	a	b	3.35	1.34	5.62	7.22	5.73	c	c	b	a	c
x149	6.58	2.91	4.34	5.22	9.81	b	b	b	a	b	1.97	4.9	2.97	1.78	5.11	a	b	c	b	b	3.52	5.98	6.45	8.2	4.33	b	c	c	a	a	0.83	4.77	3.28	7.92	9.32	c	c	b	c	a	4.01	5.33	9.59	9.66	3.83	c	c	c	a	c	3.41	3.14	9.22	9.99	1.22	c	c	c	a	a
x150	2.29	9.1	7.31	2.29	5.41	b	a	c	c	b	6.48	1.21	3.16	6.48	5.05	b	a	c	c	b	7.77	2.42	1.37	7.77	9.06	b	a	b	c	a	5.57	1.33	7.49	2.84	3.29	a	a	a	c	c	7.91	3.28	3.33	4.69	3.9	b	c	b	a	b	4.03	0.78	5.5	7.11	2.53	a	a	a	b	b
x151	3.5	2.69	1.8	1.4	3.45	c	c	a	c	c	6	2.74	9.54	6.24	5.83	a	c	a	b	b	8.09	7.95	6.31	1.68	0.08	c	a	b	c	b	2.67	7.76	8.15	6.78	2.21	c	c	a	c	c	1.55	5.93	0.68	5.6	9.99	a	b	b	a	b	4.52	7.29	9.25	2.45	8.95	b	c	c	a	a
x152	8.5	5.59	1.62	2.96	6.71	c	c	b	c	b	1.54	4.29	2.28	2.59	8.35	a	b	a	c	a	2.42	3.73	3.84	3.76	0.27	b	b	a	b	c	9.74	7.39	1.42	2.22	5.7	b	c	b	c	c	7.28	6.54	7.61	7.22	4.6	c	b	a	b	c	9.85	9.22	1.68	4.21	0.03	a	b	b	b	c
x153	0.1	6.09	1.02	8.2	5.88	a	b	a	a	b	9.82	8.36	7.83	3.33	0.15	a	a	c	a	b	0.92	4.15	6.31	6.41	3.97	c	c	b	b	a	5.54	6.04	4.27	0.63	5.4	c	b	a	a	a	2.01	8.54	0.22	4.45	1.43	b	b	a	a	c	9.45	1.48	3.26	7.51	2.65	b	b	b	a	a
x154	6.1	3.18	6.6	4.96	9.12	c	b	c	c	b	7.13	1.57	6.74	2.22	3.84	a	c	a	a	b	0.86	2.23	5.75	1.95	9.95	a	c	b	b	b	3.42	5.14	3.04	2.1	8.99	c	c	a	b	b	2.74	9.47	8.1	3.42	2.47	c	c	c	a	a	8.15	6.28	3.92	3.67	2.63	c	a	a	c	a
x155	5.33	2.5	9.81	1.25	1.83	b	a	b	b	c	7.37	2.31	4.89	9.43	2.32	a	b	c	a	b	1.47	7.01	5.97	1.32	5.62	c	b	c	c	a	0.68	7.06	1.52	6.86	8.14	c	c	a	a	b	6.27	9.98	2.87	5.73	0.67	c	c	c	c	c	0.87	6.56	7.45	2.52	8.47	a	a	c	c	c
x156	3.58	1.87	2.39	6.8	6.42	b	b	a	c	a	6.05	0.45	5.65	3.85	5.04	a	a	a	b	c	5.7	7.17	6.57	2.18	4.8	c	b	b	c	a	4.76	6.43	3.63	2.35	4.72	b	c	b	c	b	2.37	0.22	2.35	7.83	6.62	a	a	c	b	b	0.3	8.32	6.98	0.68	6.47	a	b	c	c	c
x157	2.29	9.29	3.7	2.29	1.01	b	a	c	c	b	6.48	1.9	5	6.48	5.86	b	a	b	c	c	7.77	0.18	6.1	7.77	6.67	b	a	b	c	b	0.91	6.94	0.39	3.68	9.6	b	c	c	a	b	0.92	8.77	1.16	1.49	8.33	c	a	a	a	a	5.03	4.9	5.64	1.26	4.75	c	a	c	b	a
x158	2.29	4.39	9.48	2.29	5.73	b	a	c	c	c	6.48	5.51	0.15	6.48	7.64	b	a	b	c	c	7.77	8.31	5.92	7.77	1.04	b	a	a	c	a	1.48	5.26	8.81	8.3	6.34	c	b	a	b	c	2.99	1.61	1.39	4.92	7.01	a	b	a	b	c	5.28	8.28	8.43	6.37	1.09	b	b	c	a	a
x159	8.59	9.47	6.67	0.75	4.64	b	c	a	a	a	4.46	6.64	9.29	2.97	8.76	a	a	b	a	b	7.26	8.48	8.27	2.47	5.49	c	c	b	b	b	4.06	6.85	4.85	3.63	1.12	a	b	b	b	b	6.59	6.82	5.63	6.27	0.43	c	c	c	c	a	9.94	1.21	9.61	9.5	3.79	a	a	b	c	b
x160	2.79	0.93	8.22	6.16	7.59	b	b	a	c	c	8.25	9.59	6.79	7.69	5.69	a	a	a	c	c	2.07	3.92	0.51	0.93	8.37	b	b	b	b	b	4.59	5.36	7.48	5.44	1.3	c	b	b	b	b	6.91	2.34	2.09	0.53	6.1	c	b	c	b	b	7.21	1.75	7.25	0.41	1.68	b	c	a	b	c
x161	6.74	4.04	3.5	7.18	8.32	b	c	b	a	b	3.44	5.29	5.52	6.53	3.13	b	c	c	a	c	3.68	7.83	4.95	3.6	4.95	c	a	c	b	c	0.59	8.21	8.73	3.91	8.73	a	c	b	b	a	5.8	1.55	4.46	4.31	2.29	a	a	c	b	c	6.83	2.77	0.94	0.76	7.29	a	c	b	a	a
x162	9.19	9.2	4.18	8.48	8.97	b	b	b	a	b	8.23	3.29	7.53	2.44	5.48	a	b	b	b	c	6.03	0.34	7.37	9.52	6.73	b	c	b	a	b	8.54	1.81	4.75	9.79	8.72	c	b	c	b	b	4.42	0.46	0.31	5.8	3.94	a	b	a	b	c	3.05	9.68	9.75	8.68	8.12	a	a	b	a	c
x163	2.29	9.4	1.27	2.29	1.63	b	a	b	c	b	6.48	6.79	3.57	6.48	2.02	b	a	a	c	a	7.77	4.11	6.88	7.77	5.12	b	a	c	c	a	0.17	0.71	5.08	4.66	3.4	a	b	a	b	c	0.84	4.22	7.36	7.64	2.08	c	c	c	a	c	0.89	4.81	5.61	7.74	8.02	c	b	a	b	c
x164	2.29	9.73	2.34	2.29	8.87	b	a	c	c	a	6.48	8.47	6.1	6.48	8.15	b	a	c	c	a	7.77	5.68	9.41	7.77	0.52	b	a	c	c	c	7.77	0.3	5.13	8.6	4.22	a	a	b	a	a	4.25	6.78	7.86	5.66	7.76	c	a	b	a	a	9.43	0.05	3.07	3.98	2.28	c	a	c	a	c
x165	9.33	7.7	7.69	1.04	4.29	b	a	a	c	c	0.03	7.38	9.61	0.15	3.88	c	a	c	a	b	1.01	6.41	4.95	8.3	4.95	b	b	a	c	a	1.96	9.1	8.73	6.71	8.73	c	b	a	a	c	4.69	0.15	2.55	3.54	3.88	a	b	b	a	a	3.35	6.77	3.06	0.44	1.19	a	b	c	a	c
x166	2.91	1.99	3.86	2.5	6.81	a	b	a	b	a	7.4	2.18	9.65	4.68	7.32	a	c	a	b	a	4.29	1.99	8.8	1.06	5.98	c	c	b	b	c	0.95	4.9	9.64	6.48	3.38	a	b	a	c	b	0.07	4.5	3.61	0.73	5.74	b	b	b	b	c	6.17	2.75	6.43	4.87	7.29	c	b	c	b	a
x167	6.66	2.09	2.99	1.23	6.81	c	a	b	c	c	6.38	3.16	6.6	0.46	8.41	a	a	c	b	b	5.01	1.44	2.19	1.93	7.45	a	b	b	c	c	6.34	7.27	0.08	5.59	0.93	a	a	a	b	c	1.91	7.27	7.83	4.35	7.47	b	c	b	b	b	5.73	5.94	3.11	3.19	8.18	b	c	a	c	b
x168	0.54	9.78	3.04	0.46	1.94	b	b	c	b	b	7.04	8.1	3.95	1.82	1.67	b	c	c	c	c	3.84	6.61	3.26	5.07	0.72	c	a	a	a	b	9.79	0.15	6.94	2.39	4.16	c	c	c	a	a	4.22	6.91	4.03	1.41	3.04	a	b	a	b	c	3.16	3.17	4.05	7.32	0.25	b	c	c	a	c
x169	2.29	7.16	4.71	2.29	2.69	b	a	a	c	b	6.48	0.63	6.83	6.48	1.39	b	a	c	c	c	7.77	0.19	0.5	7.77	8.38	b	a	a	c	c	2.07	0.19	1.8	6.75	7.73	c	a	b	c	a	8.72	4.57	2.55	3.1	0.88	b	b	a	a	c	7.91	6.38	6.08	3.62	2.55	c	c	c	b	b
x170	2.29	8.81	2.22	2.29	7.15	b	a	c	c	c	6.48	6.69	5	6.48	4.65	b	a	c	c	a	7.77	6.86	8.54	7.77	0.46	b	a	b	c	c	6.04	1.18	7.29	4.66	9.28	c	b	c	b	c	2.38	3.74	3.78	8.13	3.22	c	b	b	c	b	0.06	2.87	4.3	5.6	6.23	b	c	c	c	b
x171	2.29	7.04	2.92	2.29	4.61	b	a	b	c	b	6.48	6.61	4.16	6.48	3.96	b	a	b	c	b	7.77	8.33	2.69	7.77	0.53	b	a	a	c	b	3.9	9.09	3.14	8.26	8.07	a	b	a	c	a	0.16	9.14	6.75	4.16	7.21	a	b	a	c	c	2.58	4.3	9.22	5.33	7.92	b	c	b	c	a
x172	7.84	8.59	0.87	1.76	7.08	a	a	b	c	c	2.07	4.48	2.28	0.98	8.74	c	c	b	c	c	3.43	1.73	8.67	8.68	1.05	c	a	b	b	b	0.27	6.79	2.99	1.4	5.53	b	c	b	b	b	2.67	1.07	8.78	2.63	6.17	b	a	a	c	b	1.17	9.08	2.52	3.8	0.23	b	a	a	c	c
x173	2.08	3.04	7.31	8.28	0.04	b	b	c	a	b	8.77	5.94	4.65	9.55	7.83	a	c	a	a	b	2.41	1.41	4.52	9.14	9.47	a	b	a	c	c	2.59	0.2	6.14	5.78	9.81	a	b	a	b	a	3.29	0.64	6.77	6.57	2.79	c	a	a	b	b	3.83	0.98	0.28	2.24	2.01	a	a	a	a	a
x174	3.79	5.58	2.1	3.16	0.73	b	b	b	a	b	3.37	3.27	4.64	7.81	0.21	b	a	a	a	c	6.25	0.86	7.37	3.69	7.74	c	a	c	c	c	2.94	8.01	5.16	1	3.4	a	a	a	b	c	8.44	4.41	6.61	2.15	6.88	b	b	c	c	b	4.41	2.52	7.17	0.43	8.4	c	b	c	c	a
x175	6.69	2.37	4.62	1.99	5.68	b	a	b	a	c	0.79	5.93	5.97	5.25	3.84	c	b	b	a	b	4.51	2.45	0.39	5.26	3.39	b	b	b	c	c	0.71	8.3	8.77	3.7	0.94	a	b	c	a	c	5.29	7.65	2.07	9.37	4.51	c	b	b	c	b	9.49	3.18	0.44	4.53	3.8	c	a	b	a	a
x176	3.63	7.92	5.75	6.62	6.77	b	c	b	a	c	6.09	6.33	7.07	7.61	3.49	a	a	b	b	b	5.38	0.88	1.95	3.57	4.45	c	c	b	b	b	0.41	3.79	3.53	4.28	0.58	b	c	b	b	b	7	7.72	6.55	8.02	7.83	c	b	c	b	a	7.53	2.97	0.21	1.63	8.55	a	a	a	a	c
x177	2.29	2.47	3.55	2.29	8.25	b	a	c	c	c	6.48	6.69	8.07	6.48	2.11	b	a	b	c	c	7.77	3.14	0.4	7.77	4.72	b	a	b	c	b	6.13	4.75	0.68	6	7.46	b	b	b	c	c	0.8	8.9	6.74	9.73	5.61	b	c	c	a	a	6.67	7.18	7.51	7.24	2.71	b	b	a	a	a
x178	3.24	1.47	6.31	6.1	6.24	b	c	b	c	a	0.37	0.98	4.97	1.68	8.31	a	b	b	c	a	6.97	5.79	5.29	4.64	1.56	b	b	c	a	b	2.27	3.33	2.49	3.84	3.39	b	a	b	a	a	9.36	1.21	3.27	8.24	3.5	a	b	a	a	a	5.74	2.86	4.63	5.35	1.46	a	c	c	b	c
x179	2.29	8.98	2.46	2.29	7.71	b	a	a	c	c	6.48	6.76	5.44	6.48	4.64	b	a	a	c	c	7.77	7.5	9.78	7.77	0.07	b	a	c	c	a	4.16	8.56	3.63	0.82	7.68	b	c	b	c	b	2.71	4.16	5.48	2.66	0.58	b	b	c	a	b	5.88	9.83	0.79	9.41	7.41	b	c	c	c	c
x180	0.14	0.97	7.48	1.74	0.16	a	a	b	b	c	4.79	0.1	9.16	2.57	1.14	b	a	b	c	a	9.11	8.65	8.32	8.71	4.08	c	c	c	a	b	6.7	1.03	8.72	4.2	8.74	b	b	a	a	a	3.42	4.1	6.23	9.53	6.86	a	a	c	c	a	0.96	1.95	0.12	1.37	7.19	b	b	b	c	c
x181	0.61	5.66	4.19	1.24	2.86	b	b	a	b	b	2.14	0.08	1.67	7.12	8.12	b	c	a	c	a	6.16	5.08	1.19	4.48	2.48	c	b	c	a	b	5.79	1.68	0.1	9.85	3.88	c	b	a	b	c	5.84	8.02	6.7	4.03	6.06	c	b	a	b	c	1.23	8.35	1.48	6.38	4.01	b	c	b	b	c
x182	7.23	4.83	1.24	1.11	3.43	c	c	a	a	c	2.28	7.99	7.69	6.01	6.97	a	b	c	c	b	9.59	8.46	6.59	7.69	9.33	c	c	a	b	c	0.29	9.56	8.52	1.15	1.05	c	c	b	c	c	2.81	4.58	3.77	0.53	6.58	b	c	b	c	a	4.55	5.53	7.64	3.62	1.78	a	a	b	a	a
x183	3.71	6.34	5.74	9.61	3.7	c	b	a	a	c	4.36	8.66	2.41	4.72	3.99	c	a	a	a	a	2.87	6.97	0.71	6.35	8.73	a	b	c	b	c	6.43	9.39	1.03	2.47	0.71	a	b	a	b	b	7.67	0.89	4.03	0.91	4.79	a	c	a	c	b	4.4	7.84	5.94	1.8	9.46	b	a	a	a	a
x184	2.29	7.68	3.62	2.29	8.59	b	a	c	c	a	6.48	3.72	9.71	6.48	2.26	b	a	b	c	c	7.77	4.8	7.53	7.77	7.56	b	a	a	c	a	2.69	5.22	9.81	7.49	7.09	a	c	b	c	b	0.09	3	3.55	0.42	5.36	c	c	a	a	c	2.98	2.39	8.51	3.4	2.58	b	c	b	a	a
x185	2.29	6.79	7.31	2.29	2.21	b	a	b	c	a	6.48	5.16	4.12	6.48	5.45	b	a	c	c	a	7.77	5	8.7	7.77	8.42	b	a	b	c	a	8.22	7.75	4.51	8.49	4.77	a	a	b	b	a	0.12	6.86	6.93	5.18	9.64	a	c	b	a	a	9.37	1.94	1.62	0.14	1.51	b	a	c	b	a
x186	8.15	3.19	8.15	1.9	5.99	a	a	c	a	b	5.52	3.95	4.73	5.85	4.74	c	b	a	b	a	0.73	6.22	1.94	0.07	8.9	b	b	c	b	c	7.46	3.85	5.15	0.42	8.79	c	c	c	c	b	2.86	1.5	8.97	8.22	0.37	a	c	a	a	b	0.66	8.39	1.03	7.53	6.35	a	b	a	a	a
x187	7.78	7.97	3.76	6.64	1.75	c	c	c	c	c	8.42	0	9.31	1.09	3.01	b	a	a	c	c	2.22	3.82	3.09	0.64	0.68	a	a	b	c	a	8.77	5.75	2.52	9.16	9.21	b	b	c	a	a	8.36	6.02	3.87	1.11	0.03	b	b	c	b	b	1.5	6.43	0.08	7.25	1.76	c	b	c	c	a
x188	3.38	9.86	9.79	4.17	9.35	c	c	b	b	a	0.21	9.46	6.37	1.56	9.28	b	b	b	c	a	9.11	4.01	8.49	4.77	9.11	a	a	b	c	b	7.34	7.02	5.37	9.19	8.2	a	b	c	c	b	5.45	8.38	8.01	2.18	8.71	b	a	a	c	b	4.79	3.49	6.31	7.01	6.98	a	c	b	b	b
x189	3.46	2.3	5.02	3.04	8.1	a	a	c	c	b	7.03	2.82	6.6	5.72	8.05	a	b	c	b	a	9.6	6.92	2.31	7.82	9.38	c	c	a	b	c	8.61	6.43	2.21	9.9	3.37	c	b	b	b	c	9.85	7.41	8.4	1.86	7.42	a	b	a	b	a	1.47	7.38	0.18	4.5	3.45	a	c	b	b	c
x190	5.48	6.95	0.65	9.96	2	a	a	b	b	a	3.96	0.06	6.79	4.1	3.94	b	a	c	b	a	6.88	8.86	6.95	3.95	3.8	a	a	a	b	a	2.7	7.8	8.56	4.04	8.54	c	c	b	b	a	3.62	3.61	7.73	5.48	0.33	a	c	c	a	b	0.97	7.31	1.39	0.52	9	b	c	c	b	a
x191	4.95	4.04	8.98	6	3.92	c	c	a	a	b	3.59	9.81	3.97	1.02	5.29	b	c	b	a	b	10	5.93	5.19	4.22	8.31	a	c	b	c	a	7.55	6.83	1.27	4.85	9.79	b	a	c	c	b	0.98	3.64	0.18	3.35	6.11	a	c	a	c	c	4.47	5.38	9.52	2.22	0.59	b	c	b	a	a
x192	4.02	3.34	2.51	4.62	2.69	a	a	c	a	a	6.79	6.72	0.95	0.48	0.56	b	a	c	a	b	0.68	0.29	6.71	8.13	5.26	c	b	c	b	b	1.06	3.08	4.89	8.68	7.12	b	a	b	c	c	2.38	9.39	3.86	8.34	4.16	a	c	b	b	b	9.39	2.14	8.99	3.57	1.29	c	c	c	a	b
x193	5.74	0.55	1.26	3.84	1.45	a	c	a	c	a	3.11	2.21	5.19	4	5.34	b	c	b	c	b	9.07	7.72	5.15	2.35	9.19	b	c	c	b	c	5.48	1.59	2.88	1.36	3.91	a	a	b	b	c	3.21	7.18	5.14	6.95	2.38	c	a	a	c	b	3.85	0.35	9.96	8.67	3.6	c	b	b	c	b
x194	8.58	1.6	6.96	5.44	5.39	c	a	a	c	b	9.68	8.13	4.05	4.63	1.32	a	b	c	a	b	0.23	7.57	3.25	6.55	0.55	a	b	a	c	b	9.02	1.85	4.35	9.7	7.87	c	b	a	c	b	5.11	8.02	5.78	7.27	9.49	b	b	c	b	c	7.32	2.05	6.1	6.77	2.4	a	b	a	c	a
x195	4.9	7.46	2.41	4.37	6.53	b	c	c	b	a	7.73	8.41	9.83	2.61	4.07	b	b	c	b	a	3.02	6.35	2.71	7.35	7.4	a	b	b	c	a	5.57	5.01	1.91	5.8	6.47	a	b	a	b	a	9.44	4.95	4.72	2.03	3.47	a	b	c	b	a	4.14	7.42	8.19	1.05	0.7	c	a	b	a	b
x196	1.17	7.57	3.03	4.19	4.84	a	a	a	b	a	1.06	5.71	5.77	7.53	2.95	c	a	b	c	c	1.39	8.34	5.23	2.11	5.17	c	c	b	c	b	6.78	4.3	9.1	4.89	1.16	b	a	a	c	a	0.42	1.66	5.94	5.66	6.8	c	c	a	b	b	6.13	9.11	8.67	5.06	0.63	c	c	a	b	a
x197	8.22	7.24	6.42	7.18	2.63	a	c	c	c	a	5.14	9.9	0.96	8.68	4.41	c	b	c	c	c	5.97	2.69	4.33	6.47	9.91	a	a	c	a	b	8.42	4.45	1.54	8.79	9.09	c	c	c	b	b	6.43	8.69	8.2	2.62	2.98	a	a	b	c	b	0.91	6.99	1.03	9.18	5.3	b	c	a	a	c
x198	2.29	3.55	3.71	2.29	2.26	b	a	c	c	c	6.48	9.56	0.52	6.48	0.18	b	a	b	c	a	7.77	2.39	0.92	7.77	8.49	b	a	a	c	c	3.72	0	4.39	2.44	7.83	b	a	c	c	a	8.92	0.61	4.44	2.27	2.31	a	a	a	c	a	9.77	4.04	8.12	7.81	0.13	a	b	a	a	c
x199	4.17	3.09	6.48	2.3	9.06	b	c	b	a	b	1.85	7.58	0.11	7.56	5.26	a	c	c	c	c	4.39	8.12	4.04	5.6	5.3	a	b	b	a	a	2	7.22	7.47	5.52	1.08	c	c	c	a	b	4.64	3.03	9.74	3.1	3.75	c	b	c	a	b	7.59	3.04	0.28	3.95	4.16	a	c	a	b	c
x200	6.45	6.31	7.47	4.77	6.16	a	c	c	c	b	5.41	7.36	1.28	2.31	6.03	c	c	c	a	a	0.62	0.59	8.14	1.81	9.97	c	a	b	c	b	8.98	6.91	7.81	3.92	8.27	a	a	a	a	a	5.89	7.91	7.71	4.72	4.64	c	c	b	c	c	5.84	2.28	7.26	7.91	0.13	b	b	a	b	c
x201	3.12	2.98	8.4	6.04	7.4	c	c	c	b	c	9.49	5.91	7.53	8.61	5.78	a	c	c	b	b	9.69	9.74	1.54	5.93	6.66	c	b	a	c	c	3.94	3.18	4.77	6.93	5.67	b	a	b	a	a	5.58	1.77	5.56	0.57	0.69	b	b	a	c	c	3.42	9.84	5.51	8.08	1.66	b	a	b	b	b
x202	0.65	5.23	2.28	0.72	5.99	c	b	b	c	c	3.77	2.47	9.27	3.6	3.74	b	a	a	c	a	7.31	9.37	6.24	0.37	2.41	a	c	a	c	c	9.61	6.1	7.98	7.17	6.31	a	a	b	a	c	6.41	2.36	5.51	8.77	6.03	c	a	a	b	c	1.24	9.87	5.97	4.95	5.14	c	b	c	a	b
x203	0.12	2.93	3.98	7.91	4.85	b	a	c	a	b	8.42	2.08	6.1	6.37	8.49	c	a	c	b	c	2.08	5.9	4.95	9.98	4.95	c	b	c	b	c	3.25	9.23	8.73	3.7	8.73	b	c	c	a	c	0.74	3.61	0.32	5.17	6.23	a	b	c	a	c	8.89	2.46	4.81	8.6	4.04	c	b	b	c	c
x204	2.29	2.03	0.62	2.29	7.05	b	a	a	c	a	6.48	5.89	7.64	6.48	0.74	b	a	b	c	b	7.77	1.52	2.37	7.77	4.12	b	a	a	c	b	2.58	7.13	2.25	0.87	0.22	c	c	c	b	b	6.87	4.83	4.43	2.58	6.91	b	a	c	a	a	5.3	8.98	1.19	8.31	8.09	b	c	a	a	a
x205	4.9	8.88	0.83	7.41	7.38	b	c	c	a	b	8.49	3.89	4.38	4.89	1.07	a	a	c	a	a	8.3	8.59	4.95	2.43	4.95	b	c	a	c	a	7.7	6.65	8.73	1.53	8.73	b	b	c	b	a	3.83	9.11	0.36	8.4	1.29	b	a	a	c	c	4.28	1.81	5.24	5.34	6.87	c	b	a	a	a
x206	2.29	9.13	3.43	2.29	7.14	b	a	b	c	c	6.48	7.37	0.41	6.48	5.11	b	a	b	c	a	7.77	9.99	3.21	7.77	9	b	a	a	c	b	9.47	0.61	2.77	3.27	9.8	c	c	c	a	b	9.01	0.74	9.35	3.81	8.54	c	c	a	c	a	8.69	7.77	4.37	5.81	9.66	a	b	a	c	b
x207	8.46	7.67	0.43	4.32	6.19	c	a	a	c	a	9.98	6.27	9.88	6.13	8.36	b	a	c	a	b	9.59	5.17	4.95	5.63	4.95	b	b	b	a	a	5.01	2.07	8.73	1.6	8.73	b	c	a	b	c	7.76	3.92	2.24	0.77	6.39	c	c	a	a	c	8.72	8.02	8.85	3.66	6.86	b	c	b	b	a
x208	4.97	5.94	7.28	8.19	7.77	a	b	b	a	a	4.27	2.1	6.79	3.33	6.91	b	b	c	b	c	7.84	6.15	2.88	7.02	5.63	b	a	a	a	a	5.94	7.54	5.95	1.17	6.85	b	c	a	b	c	1.35	2.09	7.84	0.4	8.83	c	a	b	b	a	2.09	0.64	0.24	9.86	0.61	a	b	c	a	b
x209	3.1	6.92	4.46	9.25	9.86	a	b	c	b	b	1	3.02	7.55	8.22	0.63	a	a	c	c	b	6.63	8.23	4.95	9.27	4.95	a	c	c	c	b	7.61	1.92	8.73	9.92	8.73	b	b	b	c	c	6.7	8.69	2.25	8.39	5.52	a	c	a	c	a	9.55	9.11	0.27	6.63	1.94	a	c	c	a	c
x210	2.29	5.68	2.28	2.29	3.84	b	a	c	c	a	6.48	0.34	0.28	6.48	3.51	b	a	b	c	b	7.77	7.95	4.09	7.77	2.22	b	a	c	c	a	0.53	3.74	6.52	0.97	2.65	c	a	b	a	c	2.33	6.35	3.99	8.05	8.89	b	b	c	b	a	5.69	7.79	2.81	8.89	0.47	c	c	b	b	b
x211	0.39	4.84	0.22	3.99	5.5	c	a	b	b	c	4.96	0.33	5.04	3.82	7.97	c	c	b	a	c	8.43	1.68	1.62	3.33	2.74	c	a	b	a	b	8.58	3.86	6.24	6.02	5.2	b	b	a	b	c	0.25	7.5	6.47	9.4	1.28	c	c	c	b	c	3.76	7.34	7.43	8.41	0.02	a	c	a	b	c
x212	1.63	2.24	7.26	6.82	6.76	b	c	a	b	b	9.34	6.24	5.39	7.79	1.23	b	c	a	c	b	2.52	2.11	7.79	1.16	3.45	c	c	c	a	b	6.59	6.05	5.56	6.46	2.64	a	a	a	a	a	5.17	9.77	0.38	7.92	5.92	c	c	b	b	c	1.92	3.86	6.27	5.44	5.81	a	b	b	a	b
x213	3.48	0.92	4.25	2.63	3.67	c	c	a	c	c	7.64	4.07	6.67	4.36	3.62	a	c	a	c	b	0.3	2.55	8.6	4.34	8.06	a	b	a	b	a	2.13	1.19	2.97	3.75	8.32	b	b	a	c	a	2.59	3.17	0.01	9.71	3.93	c	b	b	a	b	6.75	6.87	3.17	4.77	0.87	c	b	b	c	b
x214	2.29	9.53	0.41	2.29	3.31	b	a	c	c	b	6.48	4.93	8.57	6.48	0.73	b	a	a	c	a	7.77	7.54	0.93	7.77	7.65	b	a	c	c	c	5.25	1.71	9.96	8.39	4.99	b	a	b	a	a	2.47	2.98	7.63	2.57	6.26	c	b	b	b	a	4.54	2.33	9.79	0.05	5.79	b	c	a	b	c
x215	2.98	0.63	1.87	3.64	4.14	c	c	a	b	c	2.13	9.33	3.67	4.99	8.5	a	b	a	b	c	1.95	1.25	2.65	1.09	5.79	a	a	b	a	a	9.22	8.12	9.26	5.69	7.68	c	a	c	c	b	2.33	8.15	2.02	5.2	4.92	a	c	c	c	b	8.55	1.89	2.97	6.44	1.18	c	a	c	a	a
x216	6.5	0.68	8.14	4.69	6.28	c	b	c	b	c	7.81	5.11	8.61	6.92	4.73	a	a	c	b	c	9.75	8.05	7.03	2.1	0.66	a	c	c	a	a	9.46	2.21	8.53	1.73	1.81	c	c	b	c	a	9.08	6.33	6.44	4.72	5.38	c	a	a	c	b	8.37	9.97	0.64	5.5	9.09	b	b	b	a	b
x217	2.29	8.02	3.47	2.29	7.41	b	a	c	c	a	6.48	5.24	3.45	6.48	9.2	b	a	a	c	b	7.77	8.26	4.95	7.77	4.95	b	a	c	c	b	8.31	9.58	8.73	1.85	8.73	b	a	b	c	b	6.96	2.48	7.52	8.93	6.01	b	a	b	a	b	4.9	7.53	5.2	1.82	8.72	b	b	c	b	a
x218	0.7	8.83	4.29	4.42	5.47	c	a	a	a	a	2.67	2.61	0.23	3.95	1.93	a	c	b	a	b	2.31	1.01	7.5	3.3	8.68	c	a	a	a	c	8.12	7.77	0.98	6.85	6.69	a	c	a	b	b	2.26	9.36	7.19	7.9	7.8	c	a	c	c	b	6.55	8.35	4.17	7.3	1.32	b	c	b	b	b
x219	1.38	1.14	6.64	3.62	4.18	b	a	a	a	c	0.35	6.23	9.26	6.38	8.43	b	a	c	a	b	6.35	1.83	4.23	7.48	0.7	b	c	b	b	a	1.79	0.01	4.63	3.94	0.83	c	a	c	a	b	4.52	5.45	2.4	4.3	1.49	c	a	a	b	c	9.36	0.33	9.86	3.02	1.84	a	a	b	c	c
x220	2.78	0.54	5.81	8.97	7.3	c	a	c	c	c	7.72	4.78	1.58	3.33	1.45	a	b	c	a	b	8.86	7.73	3.06	5.54	6.31	b	b	b	a	a	9.17	7.66	9.07	0.89	2.44	c	b	c	c	c	5.72	5.61	5.17	4.28	9.79	a	a	b	a	b	8.19	9.51	6.31	5.15	2.95	b	b	c	b	b
x221	5.32	3.69	9.58	9.9	2.69	c	b	a	a	c	0.98	2.45	1.81	7.03	9.6	a	a	b	a	a	4.52	7.01	8.16	5.83	5.9	c	b	b	a	c	1.06	1.35	8.6	7.49	8.14	a	c	b	c	c	4.67	0.03	1.01	8.62	1.21	b	b	b	b	a	9.13	4.7	1.37	6.26	1.43	b	a	b	a	b
x222	4.15	8.81	0.04	4.17	3.43	c	c	b	b	c	1.82	2.2	5.7	3.1	4.94	a	b	a	a	a	5.57	8.42	3.78	0.25	3.25	b	c	a	b	b	3.55	8.58	3	4.21	0.56	c	a	a	b	c	0.24	0.31	9.86	0.57	6.73	a	a	b	b	c	0.58	4.98	1.15	7.39	9.97	a	c	c	c	b
x223	6.42	9.36	0.34	9.45	4.29	a	c	b	c	b	0.79	3.24	6.01	1.15	3.91	a	a	c	b	b	8.09	6.11	6.59	9.36	8.92	b	b	a	a	b	6.76	5.79	1.76	4.58	7.69	a	c	c	b	a	4.09	3.47	0.11	4.08	5.43	b	b	b	b	c	8.08	7.48	8.63	4.76	4.59	b	b	a	a	c
x224	7.02	5.6	2.84	9.77	1.22	c	b	b	c	c	6.99	6.86	4.28	9.37	3.81	c	c	a	b	b	8.74	2.21	7.69	9.51	0.88	c	b	c	c	a	3.2	1.95	7.3	2.48	5.01	c	a	b	a	a	4.77	9.13	9.41	8.09	1.33	a	a	c	b	c	8.01	1.9	0.35	4.44	6.01	b	b	a	c	b
x225	0.57	1.3	5.09	0.01	4.23	c	c	c	c	a	4.66	5.49	5.35	8.51	5.97	a	a	c	c	c	4.05	7.63	4.95	3.43	4.95	b	b	b	c	a	2.91	6.82	8.73	1.73	8.73	b	b	c	c	c	6.43	0.23	9.87	1.54	3.14	b	a	c	c	c	0.12	3.59	5.28	1.46	5.86	a	c	a	b	a
x226	0.37	2.6	2.59	9.98	1.66	a	b	a	b	c	7.02	5.66	3.26	8.19	4.82	c	c	c	a	c	8.9	0.56	1.7	6.64	9.63	b	b	c	b	b	4.21	5.54	5.53	7.07	3.34	c	a	c	a	c	8.84	7.72	7.02	9.37	9.17	c	a	c	c	c	9.96	4.58	2.86	8.87	9.54	c	c	a	a	b
x227	1.75	0.79	6.71	0.52	4	a	c	c	a	a	4.32	5.52	4.77	3.98	5.49	c	b	c	c	a	3.71	0.88	9.52	3.93	2.22	c	b	b	c	a	0.62	7.46	0.27	8.55	7.84	a	b	c	b	a	0.37	1.48	1.2	4.18	4.07	b	b	c	b	a	7.02	7.86	1.81	8.73	8.13	b	c	c	c	b
x228	4.66	1.5	7.05	0.88	0.29	a	b	c	a	a	3.48	4.86	0	9.21	2.6	a	c	b	a	a	0.58	3.63	5	0.09	9.27	a	b	c	b	b	1.15	3.89	8.55	2.3	7.17	a	b	a	c	c	8.98	2.83	9.18	9.35	9.98	c	c	c	a	c	5.85	5.4	2.22	8.17	0.49	b	c	a	a	b
x229	6.04	3.41	7.49	1.78	1.05	a	c	c	a	c	7.28	7.7	9.96	3.7	4.52	c	b	b	c	b	4.99	8.68	7.49	4.53	8.58	c	c	a	c	b	1.41	0.28	4.19	6.77	2.09	c	b	c	b	b	4.35	6.21	0.26	1.67	1.28	a	b	a	a	c	9.99	8.45	3.53	4.01	9.17	a	a	b	b	b
x230	3.17	4.07	9.06	8.17	2.52	b	a	b	c	b	7.62	2.08	0.06	9.5	0.05	b	b	a	a	b	1.29	5.02	5.5	1.66	5.94	a	c	a	a	c	8.84	0.26	0.4	8.49	3.27	c	b	c	b	a	7.94	8.36	4.62	9.08	9.26	a	b	b	c	b	2.55	0.13	1.67	4.78	2.22	c	a	b	c	c
x231	2.28	3.15	2.04	5.33	0.1	a	b	a	a	a	8.9	9.75	0.85	7.3	8.74	c	c	c	c	b	4.19	2.79	6.53	7.03	6.91	a	c	b	a	b	5.16	8.44	9.72	9.22	9.14	c	c	c	a	b	3.73	2.06	3.3	4.95	3.87	c	b	b	a	b	9.4	5.09	7.09	2.47	9.57	c	b	c	b	b
x232	0.41	1.01	2.6	2.32	1.07	b	a	c	b	a	9.81	9.34	5.84	2.44	5.99	b	a	c	b	b	0.5	3.74	7.11	8.32	8.31	a	a	c	b	b	9.55	7.69	1.34	0.78	2.84	c	a	b	c	c	8.06	7.17	2.31	1.67	1.65	c	b	a	b	b	1.11	2.84	7.51	0.05	4.92	c	a	a	b	a
x233	2.44	9.74	1.22	3.64	8.92	a	c	c	a	b	9.13	6.71	8.39	0.75	5.87	b	c	c	b	b	4.31	7.13	9.81	0.04	8.62	b	b	c	b	b	0.3	0.7	4.14	6.9	3.09	c	b	c	b	b	7.38	4.58	8.76	3.66	2.13	a	c	c	b	a	6.62	4.71	9.25	8.44	2.71	c	a	b	a	a
x234	7.77	8.18	2.74	2.56	5.11	c	b	a	c	a	0.22	8.29	5.69	5.73	0.47	b	b	b	b	a	7.93	8.3	9.88	5.32	6.06	b	b	c	a	c	8.4	6.34	4.09	8.7	9.96	c	b	a	a	b	0.56	3.63	7.71	1.04	1.56	a	a	a	b	b	0.4	4.07	0.96	4.21	6.59	c	a	c	a	a
x235	0.44	7.35	2.2	8.12	9.93	b	b	a	b	c	5.14	5.82	2.84	8.51	4.43	b	b	b	c	c	3.43	3.71	9.86	6.31	7.9	c	b	b	a	b	8.11	6.32	8.09	5.03	1.58	a	c	c	a	c	8.01	5.76	7.98	3.22	0.04	c	b	a	b	b	9.31	0.67	7.54	0.14	5.85	b	a	c	a	c
x236	6.88	8.83	5.37	9.66	2	c	b	c	c	b	9.06	0.46	2.67	3.1	7.89	b	c	b	a	c	0.24	2.59	7.81	7.12	4.5	c	c	b	b	b	4.93	7.89	8.12	8.05	9.73	c	b	a	c	c	9.97	1.07	9.83	0.6	6.08	a	c	a	a	c	5.91	8.12	1.23	3.87	0.89	b	c	a	c	a
x237	8.18	9.81	3.7	7.39	9.72	a	a	b	b	b	3.8	5.03	9.54	3.48	5.29	a	b	c	b	a	1.64	1.95	2.29	0.7	5.64	a	b	b	c	a	2.69	3.44	8.99	9.59	7.64	a	a	b	c	a	7.05	8.13	0.2	4.72	0.8	b	a	a	b	b	4.67	5.85	2.5	9.04	1.36	b	b	a	a	a
x238	7.76	6.06	9.69	7.71	3.91	c	a	b	c	a	2.46	2.92	8.92	2.19	2.12	a	b	b	c	c	3.73	0.8	5.58	2.89	5.26	c	c	a	c	c	3.03	0.74	6.75	8.36	0.48	a	c	b	a	b	9.88	2.77	3.42	5.8	4.06	c	b	b	c	c	9.83	8.03	3.39	3.16	5.1	c	c	c	c	c
x239	5.29	5.64	2.27	9.44	5.81	a	b	b	c	a	0.42	5.41	9.37	6.55	6.21	b	a	b	a	a	2.35	7.96	8.34	4.11	8.64	a	c	b	b	b	3.43	2.02	9.76	6.21	8.4	b	c	b	b	b	5.53	0.2	4.11	4.21	0.46	a	c	c	a	b	5.31	7.59	7.22	7.56	9.82	c	b	b	c	a
x240	8.08	5.35	2.1	8.76	1.56	a	b	a	b	a	4.97	1.02	0.76	5.47	8.93	a	c	a	c	c	9.09	9.88	9.96	0.27	1.19	b	c	a	b	b	0.83	8.21	1.13	4.05	9.28	c	c	b	c	c	9.71	0.61	4.77	3.1	0.12	b	b	b	b	c	4.48	8.97	0.95	2.58	7.25	a	a	b	a	a
x241	3.27	6.69	8.69	8.47	5.04	b	b	b	b	b	7	8.35	7.15	6.7	4.42	a	c	c	c	a	3.88	4.17	4.96	7.4	8.56	a	c	c	a	c	9.63	7.9	7.6	1.81	4.4	a	b	c	b	b	2.2	4.18	1.51	0.66	5.06	a	c	a	c	c	5.6	8.16	4.14	6	7.3	b	c	a	b	c
x242	8.93	4.47	1.52	5.64	6.11	b	c	c	a	c	1.63	5.9	1.28	6.06	4.76	c	b	a	c	a	5.79	8.46	5.25	1.4	8.88	c	c	a	b	a	8.41	8.5	7.6	7.21	3.56	c	b	a	c	a	4.3	4.83	1.81	1.94	6.18	a	c	c	b	c	2.79	6.9	8.5	5.75	0.7	a	c	a	a	b
x243	7.12	7.28	5.66	8.93	2.39	a	b	b	b	c	2.53	0.22	6.34	4.3	0.51	c	b	a	b	b	7.06	2.71	6.75	1.21	1.3	b	b	b	b	c	3.03	1.52	4.42	7.21	5.15	b	c	c	a	a	3.13	2.27	6.28	0.46	2.74	c	a	a	c	a	6.39	6.99	8.63	7.13	5.9	b	c	a	b	c
x244	2.49	7.91	6.75	8.74	5.4	a	a	c	c	c	8.56	1.97	9.56	2.13	3.33	b	a	a	a	c	3.18	7.56	4.95	9.39	4.95	c	a	c	c	a	1.44	1.09	8.73	7.66	8.73	c	c	c	b	a	1.13	4.57	7.71	5.72	4.27	c	c	b	b	b	2.15	5.34	6.92	0.46	1.24	c	b	c	b	b
x245	7.19	4.45	1.1	7.78	6.28	c	a	c	c	a	3.24	6.23	0.77	3.18	9.61	a	c	b	c	b	5.59	4.36	9.48	3.06	5.73	c	a	b	b	b	1.99	8.37	1.51	4.22	9.1	b	a	b	b	b	4.75	2.42	9.82	9.46	5.39	a	c	c	c	b	5.74	0.33	0.34	4.97	0.27	b	c	a	c	b
x246	0.34	2.42	9.58	9.42	5.48	b	b	b	c	b	7.95	3.13	8.49	1.33	3.22	c	a	b	c	b	5.33	3.1	7.73	7.62	9.04	c	a	a	a	c	7.7	3.5	3.81	7.24	3.3	b	c	c	a	b	8.66	1.31	7.29	0.62	3.97	a	a	c	c	c	1.79	3.15	4.63	7.59	3.36	b	b	b	a	a
x247	9.01	0.41	7.29	8.4	8.68	a	b	c	c	a	4.76	9.39	5.3	0.56	7.44	c	a	a	a	b	5.85	0.57	4.19	8.19	2.71	a	c	c	a	b	6.12	3.08	3.41	1.28	3.99	b	b	b	b	b	2.6	1.15	7	9.66	7.56	a	a	b	b	c	7.15	8.07	5.27	3.9	6.13	b	a	a	c	c
x248	2.29	9.65	0.66	2.29	8.57	b	a	c	c	b	6.48	6.89	8	6.48	4.74	b	a	b	c	c	7.77	0.91	6.22	7.77	1.85	b	a	b	c	b	2.17	5.76	5.18	7.31	3.3	a	a	b	c	a	0.52	3.33	2.97	6.79	5.95	a	a	b	b	a	8.78	9.67	2.15	2.41	9.07	c	c	b	a	b
x249	5.09	8.61	8.94	5.95	2.8	a	b	a	b	b	9.72	0.87	4.52	0.86	5.49	c	c	b	b	a	6.26	8.43	7.96	4.02	3.15	b	c	b	b	a	8.41	1.54	4.27	3.53	3.77	a	a	b	b	a	0.93	4.52	5.5	4.96	3.83	a	b	b	a	c	5.61	5.22	8.09	3.61	5.43	c	b	c	c	c
