X	y0z0	y1z0	y2z0	y3z0	y4z0	y5z0	y6z0	y7z0	y8z0	y9z0	y0z1	y1z1	y2z1	y3z1	y4z1	y5z1	y6z1	y7z1	y8z1	y9z1	y0z2	y1z2	y2z2	y3z2	y4z2	y5z2	y6z2	y7z2	y8z2	y9z2	y0z3	y1z3	y2z3	y3z3	y4z3	y5z3	y6z3	y7z3	y8z3	y9z3
x0	7.76	5.92	5.02	3.02	4.42	c	c	a	b	b	3.92	2.08	3.88	8.82	0.24	b	a	b	a	b	0.18	1.13	7.74	2.08	6.33	b	b	c	c	a	4.14	5.39	2.29	7.45	7.28	a	c	b	a	b
x1	8.12	1.99	8.76	1.94	5.61	b	c	c	b	a	8.12	1.46	0.94	9	5.61	b	c	c	a	a	7.32	4.37	2.61	2.39	3.39	c	c	b	a	b	8.86	1.89	8.86	9.01	7.3	a	c	c	a	c
x2	8.12	3.32	0.14	1.16	5.61	b	a	a	b	a	8.12	8.4	7.82	7.25	5.61	b	a	c	c	a	3.71	3.02	7.88	1.37	0.99	b	b	a	a	a	7.23	9.55	7.72	4.47	4.83	a	a	b	c	a
x3	0.13	9.04	8.09	3.67	5.93	c	c	b	c	c	8.86	2.55	9.9	2.38	7.2	a	c	a	a	b	7.78	5.92	6.17	0.71	4.34	b	a	a	a	c	9.09	9.15	2.86	1.78	4.37	b	c	c	b	c
x4	2.45	2.73	4.07	2.33	5.67	b	c	a	b	a	7.53	0.74	8.04	8.49	9.15	a	c	b	c	c	1.25	7.02	8.94	8.09	0.46	c	b	c	a	c	2.5	0.38	9.51	5.51	5.01	c	a	c	b	b
x5	8.76	2.85	8.5	3.53	5.14	c	c	a	c	c	4.33	3.33	7.46	1.94	3.46	c	a	c	c	b	9.21	9.93	8.25	2.57	1.61	a	c	a	a	a	8.94	1.64	2.75	6.49	7.78	a	b	a	b	a
x6	1.76	7.12	9.64	3.89	3.81	b	b	b	a	c	6.35	9.86	4.83	3.25	4.85	a	c	a	c	b	6.99	5.55	3.7	3.7	8.88	c	a	a	a	c	3.41	9.71	1.93	6.5	7.13	b	a	b	b	b
x7	6.59	4.28	6.51	9.03	5.8	c	a	a	b	b	8.85	9.65	7.48	4.77	5.86	b	b	c	c	b	4.9	3.6	4.56	8.88	9.76	b	a	b	a	c	3.24	8.38	2.68	2.97	0.75	a	c	c	b	b
x8	1.39	7.98	7.26	7.14	3.39	a	a	a	c	c	7.96	2.55	6.21	3.12	8.1	b	a	a	c	c	2.64	6.84	3.96	6.28	0.41	a	a	b	a	a	0.44	4.13	5.57	8.21	9.85	a	a	c	c	b
x9	4.48	2.69	2.69	2.69	9.31	b	b	b	a	a	5.13	1.2	1.2	1.2	4.79	c	b	c	a	a	5.01	4.36	5.04	4.09	6.15	c	b	c	c	c	1.98	9.18	7.35	2.98	6.13	c	c	b	c	b
x10	8.64	8.67	4.07	8.69	1.61	c	c	b	c	c	6.36	7.36	9.27	8.74	1.93	b	b	b	c	c	7.28	0.28	7.97	8.08	1.51	c	a	a	b	c	7.81	6.22	1.81	3.59	6.76	c	a	a	a	c
x11	9.39	9.41	2.79	10	5.96	c	b	b	a	a	0.05	4.35	4.7	2.36	7.46	c	b	a	b	a	2.72	0.54	5.92	2.19	1.76	b	c	b	c	a	8.49	2.71	3.41	7.04	9.09	b	c	a	b	a
x12	6.03	4.51	1.43	0.13	1.88	a	b	c	b	b	0.65	6.98	6.8	1.92	7.86	c	a	a	b	b	9.03	4.62	1.05	6.74	8.2	c	a	b	b	c	0.48	8.61	8.37	5.66	8.51	a	a	c	b	c
x13	1.35	6.75	5.94	5.77	8.85	a	b	b	c	b	2.54	9.91	9.38	4.33	7.16	a	c	b	a	c	9.54	2.85	7.85	3.36	8.94	a	b	a	a	c	4.32	7.45	9.95	5.92	0.44	a	a	c	c	c
x14	5.77	6.58	2.41	9.82	3	b	a	c	a	c	3.81	2.53	1.47	5.62	2.52	a	a	a	b	c	2.81	2.46	0.27	1.58	5.17	a	b	a	b	a	6.53	9.82	8.35	6.97	6.99	c	b	b	c	b
x15	5.14	2.69	2.69	2.69	2.51	c	a	c	a	a	0.87	1.2	1.2	1.2	2.85	b	b	a	c	c	8.26	9.61	5.38	9.2	8.81	a	b	c	c	a	6.03	2.04	6.68	4.22	6.78	a	b	b	c	c
x16	6.38	2.69	2.69	2.69	0.5	a	a	b	c	a	7.43	1.2	1.2	1.2	2.8	b	c	c	a	a	1.46	9.55	5.39	6.3	4.69	b	a	c	c	b	8.34	8.61	3.36	8.5	7.08	a	c	b	b	a
x17	8.66	2.69	2.69	2.69	4.2	b	a	a	a	a	2.67	1.2	1.2	1.2	3.6	a	c	b	a	b	8.68	4.71	6.49	0.27	1.81	c	a	a	c	c	2.77	0.99	6.89	2.71	0.46	a	b	c	c	a
x18	4.11	2.69	2.69	2.69	6.99	c	c	b	a	c	8.11	1.2	1.2	1.2	3.77	c	c	c	a	b	5.96	9.55	2.44	6.07	9.9	b	b	b	c	b	6.75	4.09	4.57	4.92	1.55	a	c	b	b	c
x19	3.94	7.76	4.72	8.49	5.39	c	a	b	b	c	3.04	4.64	4.44	2.41	3.38	b	c	b	c	c	2.44	7.11	2.34	9.87	0.94	a	c	b	a	b	1.22	7.52	4.96	3.97	9.94	c	c	c	c	a
x20	6.43	2.75	7.48	2.56	6.43	a	b	c	a	c	1.13	7.24	0.89	1.28	1.61	b	a	a	b	a	9.77	1.19	9.65	2.11	5.45	c	b	a	c	a	2.02	6.02	8.88	0.08	0.76	c	a	b	b	b
x21	8.77	9.75	4.88	2.59	2.36	c	c	a	a	b	8.47	6.64	9.11	3.04	6.26	b	a	b	c	c	1.3	0.98	8.54	3.26	3.75	a	a	b	c	c	1.03	6.69	2.56	0.85	2.64	a	c	b	a	c
x22	8.92	0.6	9.92	5.25	9.68	c	b	b	a	a	7.05	6.32	2.04	8.25	1.77	c	a	b	b	a	4.78	9.39	6.86	5.7	9.17	c	a	b	b	c	5.11	3.8	6.29	5.16	1.71	c	a	b	b	c
x23	6.9	0.7	2.57	1.83	8.31	a	b	c	b	a	2.99	4.54	5.4	9.36	1.8	c	c	a	b	b	3.01	4.07	2.67	1.76	2.49	c	b	c	b	a	0.99	9.09	1.05	7.21	2.97	b	c	c	c	c
x24	5.88	0.82	0.42	8.98	8.57	a	b	b	c	c	0.46	6.01	6.06	5.33	3.22	b	b	b	c	a	1.46	0.78	7.75	9.66	5.87	a	c	b	c	b	6.16	4.82	0.98	6.78	2.57	c	b	b	b	c
x25	0.04	9.89	6.18	9.83	6.13	b	b	c	b	a	9.07	6.78	1.93	2.36	9.99	a	b	b	c	b	5.48	1.75	8.01	1.18	6.63	b	c	b	b	b	2.93	9.72	4.2	4.69	6.01	b	c	c	c	c
x26	7.91	2.69	2.69	2.69	6.68	b	b	c	b	c	4.27	1.2	1.2	1.2	2.24	b	b	c	a	c	3.04	6.22	5.14	7.99	5.09	a	b	b	c	b	7.24	0.05	8.69	9.34	1.08	b	a	c	a	c
x27	8.12	2.49	6.88	2.11	5.61	b	c	b	c	a	8.12	7.34	4.87	2.95	5.61	b	a	a	a	a	7.12	3.75	5.43	9.18	1.74	a	b	c	c	a	4.95	1.61	5.75	2.95	8.1	a	b	c	b	a
x28	8.12	7.92	3.1	0.71	5.61	b	b	b	b	a	8.12	4.8	1.22	3.65	5.61	b	c	b	a	a	5.6	2.7	0.78	7.06	2.73	a	c	a	a	c	2.35	9.96	8.7	3.17	3.53	c	c	a	c	a
x29	8.12	6.05	1.57	8.92	5.61	b	c	c	c	a	8.12	8.63	2.11	0.83	5.61	b	b	c	a	a	8.81	3.51	9.66	4.55	0.18	b	a	b	a	b	7.28	7.26	5.81	2.98	2.14	c	c	c	b	b
x30	8.92	8.46	0.13	9.7	7.62	a	a	c	c	c	3.42	6	3.42	9.54	0.76	a	a	a	a	c	4.25	7.64	0.15	2.77	9.86	c	c	c	b	c	5.75	6.94	0.67	9.44	8.39	c	a	a	a	c
x31	6.75	1.61	8.56	3.87	4.34	a	b	b	a	c	6.87	2.11	2.11	1.75	6.46	b	c	b	b	c	5.1	2.57	4.98	9.97	0.47	a	b	b	b	c	0.93	4.38	3.35	0.25	6.45	b	c	a	c	c
x32	4.14	6.91	2.08	6.68	7.38	a	c	c	b	b	7.94	6.86	8.47	7.44	7.33	c	c	a	a	b	8.41	2.94	1.39	7.89	4.53	c	b	a	a	a	3	2.7	6.23	7.9	4.17	a	a	c	a	c
x33	0.54	6.28	3.81	7.66	9.14	c	b	c	a	b	5.39	5.61	3.85	9.56	9.53	a	a	c	a	a	9.67	3.01	5.94	1.78	5.77	a	b	a	c	a	0.42	5.8	3.99	0.34	1.38	c	b	c	a	a
x34	0.49	2.69	2.69	2.69	2.73	a	c	a	b	a	4.45	1.2	1.2	1.2	5.58	a	a	c	c	b	1.6	7.9	3.66	4.15	1.91	a	b	a	a	b	3.79	3.31	0.57	3.83	0.83	b	a	b	c	c
x35	8.3	9.42	3.41	8.68	8.48	c	b	b	a	c	9.9	0.96	5.32	9.6	1.5	b	a	a	c	a	6.25	4.53	5.04	9.38	4.54	c	c	b	a	b	6.17	3.99	8.89	3.05	5.12	c	b	b	b	c
x36	2.61	2.69	2.69	2.69	1.23	c	b	c	c	c	3.76	1.2	1.2	1.2	1.86	a	c	c	c	a	5.89	6.57	7.94	4.39	9.79	a	c	a	c	a	2.65	9.45	8.49	3.66	6.21	a	a	a	a	a
x37	2.24	6.05	5.2	2.94	2.75	b	b	b	b	a	8.23	8.62	9.01	1.42	9.75	c	b	c	a	b	0.28	7.22	3.75	6.37	4.11	c	a	a	c	a	2.55	2.56	4.54	7.19	6.13	c	b	b	c	c
x38	6.72	2.69	8.62	5.52	7.68	a	a	c	b	c	3.73	5.7	8.52	4.58	4.37	c	c	c	b	c	1.23	3.51	8.33	5.63	3.22	c	a	c	b	a	5.92	3.7	8.54	1.88	4.06	c	a	a	a	c
x39	4.7	3.54	3.02	1.33	5.68	c	a	a	b	c	3.09	6.99	8.72	6.88	6.16	c	b	c	b	b	3.17	4.13	6.61	0.53	7.08	c	b	b	b	c	2.29	3.91	8.22	1.33	6.96	a	a	c	a	b
x40	4.41	5.91	0.35	9.39	0.37	c	b	a	c	a	7.44	9.63	2.86	2.63	5.76	b	b	c	a	c	1.18	3.85	7.7	9.11	1.27	b	c	a	c	c	0.01	1.64	4.55	6.92	7.89	b	a	b	c	a
x41	4.46	8.83	4.78	4.75	6.04	c	b	b	a	c	8.22	6.2	4.52	3.91	6.86	a	a	a	c	b	4.53	1.84	6.27	3.49	1.15	a	b	c	b	a	4.64	8.9	9.72	0.14	8.52	a	a	a	a	c
x42	8.12	1.11	4.74	8.13	5.61	b	b	b	c	a	8.12	2.32	0.16	1.05	5.61	b	a	b	a	a	9.93	5.1	2.75	6.1	8.62	b	b	a	b	c	3.25	2.88	2.97	8.6	8.26	c	b	a	a	c
x43	9.73	0.16	1.57	7.79	4.33	c	b	a	a	a	3.11	5.61	1.11	4.32	6.71	c	b	b	a	a	1.6	8.09	2.88	9.32	3.05	a	b	a	c	c	9.89	8.89	0.33	9.44	1	b	b	c	c	b
x44	8.12	2.69	2.69	2.69	5.61	b	c	b	c	a	8.12	1.2	1.2	1.2	5.61	b	a	c	c	a	5.07	2.57	3.2	7.11	9.02	c	c	a	b	c	0.32	5.51	2.29	9.33	0.43	c	a	b	b	c
x45	5.88	6.3	7.84	4.65	9.72	a	c	a	c	b	2.05	2.68	9.38	5.66	8.73	b	a	c	b	c	4.39	4.26	6.39	5.08	4.24	c	c	a	b	c	0.76	1.07	7.39	6.62	7.81	b	b	b	c	b
x46	7.81	1.41	0.17	1.12	5.99	c	b	b	a	a	6.15	8.54	0.32	3.02	3.68	b	a	c	b	b	7.87	9.93	7.08	7.38	1.22	c	c	c	c	c	7.62	8.97	4.03	7.12	4.52	b	a	b	c	b
x47	2.73	2.95	0.18	5.31	9.22	b	b	b	c	c	4.99	5.34	3.64	0.53	7.61	b	a	a	b	b	5.27	6.42	5.53	0.82	0.44	a	a	c	c	b	4.66	4.79	8.8	2.9	4.45	c	a	a	c	b
x48	6.56	9.5	4.14	2.38	7.12	c	c	c	a	c	2.84	2.2	9.3	1.1	1.85	a	b	b	b	c	7.85	1.01	8.25	1.88	5.42	a	b	a	a	b	8.38	8.52	8.59	1.4	8.63	b	c	a	b	c
x49	8.12	0.99	2.85	2.51	5.61	b	b	a	c	a	8.12	9.88	8.96	1.88	5.61	b	a	a	a	a	4	0.78	5.46	6.3	8.5	c	a	b	a	a	5.28	6.58	0.32	2.78	8.05	a	a	c	c	a
x50	0.86	1.55	8.94	7.28	8.9	c	b	c	c	a	4.41	5.72	9.8	2.44	2.86	b	a	b	a	c	3.91	8.87	2.99	1.18	8.33	a	a	b	a	b	6.43	5.64	4.02	4.65	4.62	b	c	c	a	a
x51	7.28	3.8	7.68	9.99	6.97	a	b	c	b	a	3.37	9.55	3.26	4.9	8.08	b	b	a	c	a	3.97	6.58	4.63	9.96	6.97	b	c	c	b	a	5.71	4.75	5.69	4.32	7.7	a	c	a	b	b
x52	7.26	7.06	3.71	0.89	7.57	a	a	a	b	c	3.52	5.05	5.09	6.29	8.71	c	c	c	a	b	4.7	7.3	7.74	3.54	7.21	c	a	c	b	b	2.87	7.08	2.55	6.96	5.2	b	b	b	c	a
x53	7.12	2.69	2.69	2.69	5.49	c	a	a	b	a	4.34	1.2	1.2	1.2	9.8	b	c	c	b	a	3.97	1.62	3.63	5.33	4.49	a	a	c	c	a	8.29	8.01	6.07	7.73	5.47	c	a	c	a	b
x54	3.61	3.94	0.62	8.17	1.96	a	c	c	a	c	1.94	8.93	8.92	7.11	3.53	a	c	b	c	c	8.44	9.72	8.32	8.97	5.2	a	a	c	b	c	4.84	9.78	8.16	2.91	1.98	a	c	c	c	c
x55	5.26	2.69	2.69	2.69	4.44	b	b	a	b	a	1.99	1.2	1.2	1.2	2.1	b	b	a	c	c	8.54	5.88	8.63	2.58	8.85	a	c	c	b	c	9.55	8.4	0.17	9.68	5.42	a	a	b	c	c
x56	9.21	3.09	2.43	4.67	8.28	b	b	c	a	b	7.85	4.53	2.55	7.81	2.96	b	b	a	c	b	1.92	9.41	6.47	0.39	1.63	b	b	b	b	b	3.63	6.57	4.46	0.15	1.12	c	a	a	a	c
x57	4.91	0.75	5.18	7.03	3.55	c	b	c	a	c	6.42	2.41	1.25	9.51	1.54	c	b	b	b	b	1.78	0.41	0.54	9.62	5.15	c	a	a	b	b	8.46	0.72	9.5	1.6	5.81	b	c	a	a	c
x58	9	5.75	1.35	0.16	2.65	c	a	a	b	a	8.49	2.78	8.34	4.41	6.54	c	a	b	a	c	4.74	2.7	9.56	0.87	3.39	b	a	c	a	a	7.31	4.98	9.76	5.96	9.91	b	b	c	a	a
x59	1.99	4.49	7.82	8.58	2.63	a	a	b	a	a	3.47	4.3	3.62	7.15	0.12	c	a	c	c	c	9.14	5.26	8.83	4.76	5.63	b	a	b	c	a	6.6	2.16	2	5.85	9.74	a	a	b	c	a
x60	8.6	3.22	9.7	4.95	7.45	c	b	b	b	b	1.67	7.4	2.68	7.29	9.07	c	c	c	a	b	0.89	2.46	8.33	1.58	1.72	b	b	a	c	b	4.79	3.87	8.61	8.65	5.98	c	b	a	a	a
x61	5.23	9.27	9.27	9.44	0.48	a	a	b	b	c	4.87	2.37	1.84	7.26	5.09	c	a	a	a	c	2.47	4.83	7.65	2.18	1.14	a	c	a	b	b	8.78	8.28	0.18	8.08	7.29	a	a	c	a	b
x62	1.43	6.52	4.25	2.53	8.62	a	b	c	a	b	2.97	3.04	3.29	3.09	8.58	c	c	a	c	c	3.22	6.9	1.97	1.33	4.72	b	a	c	b	a	3.65	2.61	1.35	9.4	4.77	a	a	b	c	c
x63	2.7	2.69	2.69	2.69	2.26	c	a	a	c	c	3.25	1.2	1.2	1.2	4.34	a	b	b	a	b	3.99	1.57	3.82	5.67	0.51	c	c	c	c	c	4.64	6.95	5.85	0.76	3.96	a	b	b	a	c
x64	2.52	2.69	2.69	2.69	7.65	c	a	c	c	b	3.7	1.2	1.2	1.2	8.77	b	a	c	c	a	7.16	5.35	8.2	1.38	6.74	c	c	a	c	a	6.97	6.95	0.66	5.58	5.97	c	c	c	b	b
x65	3.34	1.69	5.85	2.75	3.34	a	a	a	b	b	4.97	4.76	3.95	3.8	9.53	a	a	b	c	a	8.94	4.71	5.9	5.33	1.9	c	a	c	c	b	6.98	8.2	2.2	3.03	7.43	c	b	a	a	c
x66	0.71	6.79	8.44	2.55	7.67	a	c	a	b	a	6.92	0.58	8.95	8.7	3.87	a	a	a	c	b	5.74	3.24	8.56	7.57	6.21	a	a	b	b	a	3.73	3.37	6.13	4.37	3.78	b	b	b	c	b
x67	0.22	9.05	4.66	3.32	9.82	a	b	a	a	b	0.07	6.93	3.88	6.53	9.79	a	b	c	b	a	6.64	4.8	8.27	1.36	3.95	a	b	c	a	c	1.33	2.2	7.71	0.26	9.06	c	b	b	a	b
x68	7.17	4.35	5.68	6.1	5.45	a	a	a	c	a	3.97	4.99	4.21	3.09	3.8	c	a	b	a	b	0.52	9.07	2.93	5.52	3.87	a	a	b	b	a	6.22	2.83	8	7.62	4.63	b	c	a	a	c
x69	0.73	1.39	3.85	2.68	6.71	a	a	b	a	b	8.4	0	7.25	5.74	7.71	c	c	a	a	c	1.75	0.66	2.32	8.22	1.55	b	b	b	b	b	4.33	6.48	4.51	4.71	9.51	b	c	b	c	a
x70	6.09	2.51	5.54	2.36	4.97	b	a	c	c	a	7.12	6.89	6.9	8.48	1.06	a	b	a	a	a	9.5	1.56	5.45	7.06	3.03	b	a	c	c	c	1.77	0.48	9.87	0.73	0.34	a	c	a	b	b
x71	6.78	1.26	3.97	4.05	4.89	c	c	a	b	a	2.99	2.5	3.49	3.57	4.31	b	c	b	a	c	2.1	6.09	6.55	8.62	4.06	b	b	c	a	c	7.28	5.02	8.74	8.2	8.79	b	a	b	b	b
x72	6.07	4.52	9.27	5.23	0.73	a	c	c	c	c	9.54	3.58	0.95	0.83	4.95	c	c	b	b	c	1.12	8.71	2.29	2.41	7.48	c	a	c	b	c	9.15	1.95	4.09	1.22	0.37	b	a	a	a	b
x73	1.75	1.33	8.58	2.82	9.77	b	b	b	b	a	2.27	3.95	7.43	8.67	1.52	b	b	b	a	a	0.91	1.09	4.83	2.27	5.39	a	b	a	c	b	8.31	5.33	8.08	7.27	5.71	b	c	b	b	c
x74	7.1	9.04	0.92	4.75	9.6	a	c	b	c	a	0.66	7.68	2.15	3.71	1.21	b	a	a	b	b	6.02	3.43	2.69	9.15	7.58	b	c	b	b	a	2.69	3.19	6.94	5.63	5.8	b	b	c	a	b
x75	9.62	4.35	4.56	8.37	5.24	b	c	c	c	a	7.51	0.89	5.41	0.84	2.14	c	c	c	b	b	8.26	5.37	5.51	2.83	1.21	b	b	a	c	a	1.33	2.68	0.73	8.93	1.72	b	b	b	a	a
x76	9.98	5.55	2.12	8.41	4.83	c	c	c	b	a	2.51	9.24	5.07	1.67	8.88	c	b	b	b	b	6.73	1.19	9.48	8.31	5.22	c	a	c	a	a	9.62	7.98	1.06	8.63	8.73	a	a	a	a	a
x77	8.31	3.63	0.51	7.56	3.92	a	c	c	c	a	9.99	7.76	0.63	1.91	5.05	c	b	a	b	b	5.2	8.21	4.57	5.44	1.31	c	c	a	b	b	3.73	6.86	5.31	4.12	5.76	c	a	a	b	c
x78	4.98	2.69	2.69	2.69	1.63	a	a	a	b	c	0.72	1.2	1.2	1.2	9.36	b	c	c	b	b	3.9	5.75	0.45	6.81	5.49	a	c	b	a	b	5.46	1.72	4.29	4.08	5.87	a	a	a	b	c
x79	6.41	2.69	2.69	2.69	5.53	b	a	a	a	a	8.86	1.2	1.2	1.2	3.26	c	c	a	b	a	2.85	2.71	0.17	7.42	8.99	c	a	b	b	a	1.53	0.37	6.77	1.45	8.96	b	b	b	b	b
x80	9.87	0.03	7.97	4.21	4.73	c	c	a	a	c	5.32	5.55	7.38	4.64	9.07	a	a	c	a	a	7.28	2.63	7.86	8.11	1.45	b	b	a	b	b	4.18	2.28	0.21	2	0.82	c	b	a	a	c
x81	3.88	8.77	5.58	1.06	2.36	c	c	b	a	a	9.42	5.44	0.49	2.49	1.86	a	c	c	a	c	0.57	3.51	4.88	6.91	6.57	b	c	c	a	b	6.3	4.02	3.64	6.41	2.26	c	b	c	a	c
x82	8.12	8.72	3.04	3.52	5.61	b	b	a	b	a	8.12	7.98	0.29	6.71	5.61	b	a	b	b	a	3.2	9.65	1.75	7.8	0.21	a	c	c	b	a	5.42	6.77	2.34	6.5	1.85	c	a	a	c	c
x83	8.52	6.48	1.85	9.63	5.86	b	b	a	c	b	7.48	6.69	2.79	4.89	0.79	a	c	b	a	c	3.18	4.55	5.49	3.37	1.18	c	c	a	b	c	0.3	6.65	5.62	0.24	2.13	b	c	c	b	b
x84	8.96	5.54	3.14	5.11	7.92	b	a	b	c	c	0.83	6.25	5.44	1.54	0.46	a	b	c	a	c	5.43	1.02	4.52	3.95	8.02	b	c	b	a	b	8.7	3.43	8.52	2.47	8.57	a	c	c	a	a
x85	6.12	1.33	3.02	8.21	3.96	b	b	c	b	b	3.81	1.65	8.54	1.94	3.98	b	c	a	b	c	2.22	3.85	9.26	9.15	9.27	b	c	a	a	c	5.87	5.35	3.26	3.99	3.06	c	c	b	a	a
x86	5.86	2.73	4.12	4.87	8.16	b	c	c	c	c	8.97	3.97	8.04	1.18	7.14	b	c	a	a	a	2.17	6.02	6.96	7.11	0.84	c	b	a	c	c	9.54	3.45	5.73	9.54	0.64	a	c	a	b	a
x87	9.68	3.63	0.97	3.23	3.85	b	a	a	b	b	1.51	5.3	3.46	4.48	4.86	a	a	a	c	c	9.61	4.76	6.41	4.77	3.89	c	c	b	a	b	6.35	9.15	6.44	2.3	7.25	c	a	a	b	b
x88	6.55	6.05	6.17	3.77	6.53	b	b	c	c	c	8.53	8.45	6.53	2.12	0.1	c	b	a	b	c	5.94	4.52	6.93	6.37	8.47	c	b	a	b	c	7.72	0.13	2.37	2.12	6.22	a	c	a	c	b
x89	0.8	6.11	8.79	6.66	5.05	a	c	a	a	c	9.1	8.82	1.24	1.07	2.06	c	b	b	a	b	4.45	2.38	4.48	9.05	4.48	b	c	c	a	b	3.83	1.15	7.52	8.27	6.27	a	c	c	a	c
x90	8.12	5.11	5.01	4.06	5.61	b	a	c	a	a	8.12	7.82	0.38	2.63	5.61	b	a	a	c	a	3.82	7.62	6.37	9.28	6.45	c	b	c	a	b	1.95	1.22	8.14	9.34	8.07	c	c	a	a	a
x91	5.9	0.53	7.24	9.3	3.72	c	b	b	a	c	0.9	8.99	4.58	2.52	6.32	b	b	a	a	a	2.84	0.92	2.95	6.67	8.3	c	b	a	a	a	7.64	1.86	2.92	2.54	6.39	b	b	b	b	c
x92	6.36	2.98	1.81	1.99	8.91	b	c	a	a	c	9.67	3.41	1.48	3.66	5.05	a	a	b	a	c	9.21	9.22	5.59	6.73	3.48	b	a	b	c	c	3.35	2.73	4.56	7.42	6.18	b	a	c	c	b
x93	0.7	1.67	5.86	2.17	4.78	c	c	c	a	b	1.06	9.41	4.96	2.04	7.86	a	a	b	c	a	8.28	2.08	8.7	5.89	5.14	b	c	b	b	b	8.12	9.06	1.83	9.3	5.57	a	a	b	c	c
x94	8.75	8.56	7.72	4.62	1.25	c	c	b	b	a	6.9	6.97	1.88	2.29	0.37	a	c	a	b	a	4.06	2.25	2.28	2.67	4.15	a	c	c	c	c	5.91	9.57	0.87	7.14	3.59	b	c	c	c	a
x95	0.26	2.69	2.69	2.69	4.78	c	c	b	a	b	7.88	1.2	1.2	1.2	7.05	c	c	b	c	b	5.74	7.21	4.45	3.65	2.92	b	c	c	a	a	4.59	1.83	6.41	3.88	6.56	a	a	a	a	b
x96	6.79	4.98	2.46	7.53	8.18	a	c	b	a	c	8.65	6.59	3.36	0.24	3.15	c	c	a	c	c	8.87	7.63	4.07	4.47	6.03	c	a	c	a	c	7.46	6.6	4.09	6	9.99	b	c	a	c	b
x97	1.09	6.22	8.25	1.58	5.45	c	b	b	c	b	9.75	0.38	1.86	6.83	8.42	c	b	b	b	c	6.32	4.33	5.63	7.95	7.94	c	c	b	b	a	6.82	8.3	7.85	6.22	6.53	c	a	a	b	a
x98	0.06	3.63	1.35	5.4	5.39	c	b	b	a	c	7.87	7.47	1.8	1.75	8.23	b	c	b	a	a	0.53	2.37	3.82	2.72	6.3	c	a	c	c	b	8.24	0.96	4.51	7.83	1.94	b	a	c	a	a
x99	8.13	4.62	6.08	7	9.48	b	b	a	c	b	7.56	1.16	9.08	2.29	5.61	c	b	a	a	c	6.82	5.32	7.33	2.73	4.87	b	c	b	c	a	5.7	3.92	8.77	4.71	1.57	a	a	a	a	c
x100	7.55	4.47	9.21	8.81	6.36	b	a	c	a	c	3.3	4.39	4.62	4	4.4	c	a	b	b	c	8.49	2.44	0.26	7.95	0.38	c	a	b	b	c	8.5	9.33	4.32	8.3	3.22	a	c	a	b	c
x101	2.4	0.59	4.98	8.66	7.86	a	c	a	b	a	0.56	2.89	5.52	8.23	0.03	a	b	b	c	b	0.82	4.89	1.38	0.35	4.76	b	a	a	b	b	0.9	8.94	4.43	8.23	9.43	b	a	b	c	a
x102	0.63	3.6	0.01	3.06	5.93	b	a	b	a	b	8.56	9.66	0.9	4.26	2.59	c	c	b	b	c	2.53	6.19	4.92	6.57	3.89	c	a	a	b	a	2.81	9.73	7.74	7.73	4.17	c	a	a	c	b
x103	2.03	2.69	2.69	2.69	3.76	c	b	c	c	a	7.87	1.2	1.2	1.2	9.28	c	c	c	c	a	8.59	1.99	9.01	2.41	6.99	c	c	a	b	a	0.41	2.49	7.6	9.51	9.25	a	b	b	c	a
x104	0.16	2.53	1.77	8.32	6.97	b	b	a	b	b	5.85	1.53	6.31	2.24	9.04	c	a	b	c	b	9.55	7.56	3	9.25	9.61	c	b	b	c	c	1.06	3.3	2.74	4.31	5.47	c	a	c	c	a
x105	8.12	0.6	0.78	8.06	5.61	b	c	c	a	a	8.12	6.6	5.62	8.18	5.61	b	b	b	a	a	2.74	2.73	1.39	5.58	4.51	b	a	c	a	c	6.15	5.73	1.88	4.38	2.32	c	b	b	a	c
x106	9.18	2.4	5.91	2.54	2.18	a	a	a	c	c	3.65	4.56	9.25	8.05	4.48	c	a	c	b	c	8.26	6.26	3.85	5.98	5.81	c	b	b	b	a	8.45	9.48	2	5.39	4.03	b	c	b	c	c
x107	8.12	1.2	3.37	2.4	5.61	b	a	a	b	a	8.12	9.45	6.56	6.11	5.61	b	b	a	a	a	8.7	9.65	9.71	4.06	5	c	c	b	b	b	5.32	9.25	2.33	1.22	0.33	a	c	c	b	a
x108	7.91	0.23	8.84	6.36	5.03	a	c	c	a	a	1.1	0.97	4.43	7.08	5.19	c	a	b	b	b	7.43	7.17	5.7	5.62	1.63	c	b	b	a	a	9.09	3.77	6.53	0.04	1.34	a	c	b	a	c
x109	4.7	3.01	9.06	3.86	5.74	b	a	b	c	b	4.73	8.34	5.15	4.9	0.64	a	a	c	b	c	9.36	8.83	1.5	6.96	9.57	b	c	b	c	b	2.1	6.4	5.09	8.46	4.68	b	c	b	a	c
x110	1.16	7.51	2.67	0.5	5.22	a	a	c	c	b	6.96	7.18	2.01	7.29	5.71	a	b	a	b	a	7.32	7	5.79	0.77	1.94	a	c	a	b	b	5.71	4.96	5.78	6.67	7.92	b	c	a	c	b
x111	8.36	1.06	1.57	4.16	4.36	a	b	c	a	a	8.39	5.43	2.79	1.07	7.57	c	c	c	c	c	5.51	8.75	6.61	0.74	8.83	c	a	c	c	a	5.67	8.46	6.5	0.54	8.3	b	c	c	c	b
x112	4.92	6.15	4.27	9.77	4.79	a	c	c	a	b	7.01	3.58	1.54	0.04	6.33	a	a	c	c	a	3.49	0.79	3.71	8.71	3.8	a	b	b	a	c	9.23	7.23	8.65	3.28	5.72	b	c	a	c	c
x113	5.85	3.3	1.48	0.99	4.62	a	a	a	a	b	0.96	3.92	8.39	8.9	5.68	a	a	c	c	a	1.1	0.62	6.7	4.35	7.04	c	b	b	b	b	6.75	0.78	8.19	8.05	6.38	a	a	b	a	c
x114	5.16	6.03	4.27	7.72	7.69	a	c	b	b	c	5.01	6.96	2.54	5.41	7.5	b	a	a	c	c	6.74	9.24	2.75	4.91	1.3	c	b	b	c	a	6.58	3.28	4.54	1.19	3.15	c	b	b	a	b
x115	3.71	8.54	9.05	9.46	6.62	c	a	a	a	b	3.3	7.58	3.39	3.84	3.21	c	a	a	a	a	5.44	3.72	8.16	4.44	2.07	b	b	a	c	c	9.34	7.91	5.73	2.58	7.11	c	c	a	c	a
x116	0.95	2.69	2.69	2.69	3.43	c	b	c	b	b	8.89	1.2	1.2	1.2	8.65	c	c	c	c	b	9.89	1.42	0.66	7.14	6.51	c	a	b	c	c	6.67	6.91	4.83	0.76	4.91	b	c	c	a	b
x117	8.12	9.47	0.66	1.17	5.61	b	c	c	b	a	8.12	2.8	2.79	9.69	5.61	b	c	b	a	a	2.76	4.31	5.61	6.87	6.03	c	c	c	b	b	9.42	6.13	5.07	8.68	4.89	a	c	b	c	b
x118	4.94	3.33	0.38	8.36	2.68	c	c	c	c	a	9.97	8.53	5.16	8.33	3.47	a	a	b	b	c	2.12	3.23	8.72	7.42	4.49	c	a	a	c	c	7	6.72	1.93	6.84	5.76	b	b	c	a	b
x119	2.33	8.81	1.42	3.84	1.04	a	c	a	c	c	6.43	8.41	5.16	5.1	4.32	a	b	b	c	c	2.1	5.28	8.7	2.46	8.78	a	a	b	a	b	9	9.59	4.91	7.87	5.89	b	a	b	b	c
x120	3.48	7.27	6.38	8.41	4.79	c	b	a	a	b	5.22	2.97	9.15	2.61	0.93	c	b	b	a	c	8.69	3.7	9.93	0.71	3.48	a	a	a	c	c	0.07	1.13	3.59	3.77	5.1	a	c	b	b	b
x121	8.57	2.34	3.28	6.74	5.44	b	c	b	c	a	3.64	3.04	0.82	4.56	4.06	b	b	a	b	c	1.45	2.08	8.4	9.92	5.79	c	a	c	b	c	8.23	5.4	8.13	1.08	0.69	c	c	c	c	c
x122	7.6	1.91	6.76	1.61	0.8	a	b	b	c	b	3.81	3.34	8.99	7.22	1.3	c	a	c	b	a	9.79	8.94	2.92	4.06	2.64	b	a	b	a	a	7.68	0.08	4.47	7.55	4.51	c	c	b	c	a
x123	1.51	5.86	1.2	0.69	5.46	b	b	a	b	b	2.19	6.85	0.02	8.42	6.86	b	c	a	b	c	2.06	7.64	5.64	9.53	9.54	b	a	b	a	c	7.06	7.64	8.3	2.27	0.4	a	a	b	c	b
x124	2.49	1.79	5.92	3.67	1.36	c	a	b	a	c	5.83	7.99	1.92	4.2	1.79	a	b	a	b	a	6.18	0.42	2.73	6.61	8.4	b	c	c	b	c	6.5	9.7	2.66	4.27	9.14	b	c	c	c	c
x125	5.46	2.69	2.69	2.69	1.69	b	b	b	a	a	8.58	1.2	1.2	1.2	1.06	c	c	c	c	a	5.67	9.55	5.13	9.48	0.17	c	c	b	c	c	4.98	6.24	2.66	8.82	9.57	c	c	a	b	a
x126	4.62	2.69	2.69	2.69	2.04	a	a	c	c	b	4.51	1.2	1.2	1.2	9.18	b	b	b	b	a	1.19	4.02	9.91	6.93	3.61	a	b	b	b	b	2.78	1.1	9.01	1.58	6.48	a	a	c	b	c
x127	8.12	1	4.8	3.81	5.61	b	a	b	c	a	8.12	8.4	4.11	1.89	5.61	b	c	a	c	a	6.43	2.9	5.04	7.59	4.61	c	c	c	b	c	1.1	0.6	4.16	7.77	5.15	b	b	b	b	c
x128	7.28	3.29	3.74	0.69	0.12	c	c	c	c	a	5.41	6.3	2.45	7.42	0.18	c	b	b	a	b	1.45	3.95	2.95	7.24	5.21	c	b	a	c	c	1.28	2.14	2.81	9.88	3.31	c	c	c	a	c
x129	3.96	4.52	8.45	8.74	6.33	a	a	a	b	a	9.79	3.84	4.72	5.61	6.43	a	b	b	b	c	1.03	4.68	6.27	3.1	0.13	b	b	c	b	a	8.21	0.6	6.53	5.27	8.82	c	a	a	b	a
x130	3.37	1.18	3.78	0.83	7.67	a	c	b	b	c	9.76	6.79	7.61	4.12	0.8	c	a	a	c	c	6.34	3.3	7.53	3.45	0.44	a	b	c	c	a	8.2	4.36	0.18	7.39	1.18	a	a	c	b	c
x131	9.3	1.24	2.36	6.9	6.49	a	a	c	a	a	3.96	8.58	7.2	0.84	0.11	c	a	b	a	b	3.49	1.25	7.18	0.93	8.22	c	c	c	a	b	6.96	0.76	5.8	4.45	1.79	a	a	c	c	c
x132	4.46	9.11	9.55	3.07	8.38	a	a	c	c	a	4.79	4.58	3.49	2.05	1.73	c	b	a	b	c	7.9	5.35	4.51	5.47	4.6	a	a	c	a	a	9.09	6.53	1.03	3.11	2.34	c	a	a	a	b
x133	2.17	8.13	0.72	6.41	1.87	c	b	b	c	a	6.6	8.95	5.8	8.57	8.84	b	b	b	b	c	8.27	9.64	5.8	4.66	7.45	a	b	c	a	b	2.36	7	5.55	3.03	8.21	c	c	c	b	c
x134	8.12	2.78	0.2	7.32	5.61	b	b	a	b	a	8.12	9.56	8.12	0.16	5.61	b	c	a	b	a	1.26	6.87	2.26	6.86	9.87	b	b	a	b	b	3.4	2.88	7.48	0.34	9.65	c	b	a	b	b
x135	5.45	4.57	5.66	3.84	3.17	a	c	b	b	c	6.33	0.33	4.8	4.2	0.47	a	b	c	c	b	7.74	8.18	5.53	4.37	2.34	c	b	c	b	b	9.33	3.4	2.6	8.96	6.28	a	b	b	a	a
x136	3.74	0.19	4.04	5.86	9.68	a	c	b	b	b	8.88	9.84	5.97	5.45	7.3	a	c	b	b	b	5	9.65	4.36	8.95	8.29	a	b	c	c	a	8.09	8.66	4.3	5.61	0.22	b	c	c	b	b
x137	7.65	2.21	1.78	2.48	3.04	a	c	b	c	a	9.86	3.78	6.94	6.14	2.23	a	b	c	b	a	3.72	2.6	8.09	4.88	2.18	a	c	a	b	b	5.38	3.88	1.54	3.59	7.23	b	b	b	a	b
x138	5.26	2.69	2.69	2.69	4.9	a	c	b	c	c	1.27	1.2	1.2	1.2	2.6	c	b	b	b	a	1.25	5.9	9.54	8.26	1	b	b	a	c	c	5.01	2.5	5.74	8.16	7.64	a	b	b	a	b
x139	9.9	5.68	0.53	1.58	7.37	c	a	a	c	b	0.39	6.75	9.46	1.37	3.22	c	a	a	a	c	8.67	0.61	1.52	1.43	2.48	c	c	a	a	b	2.77	7.81	0.66	9.28	5.76	a	b	a	a	c
x140	0.81	5.5	0.9	2.09	3.11	a	b	a	c	c	1.38	7.81	1.86	0.36	2.64	a	a	c	b	b	7.66	1.3	8.06	5.02	6.83	c	c	c	c	b	9.68	9.25	6.85	5.46	9.1	b	b	b	a	c
x141	5.92	9.26	7.39	8.24	1.54	b	b	c	b	c	4.55	0.59	6.76	8.19	4.49	a	b	a	a	c	2.87	7.27	1.87	6.43	1.65	c	b	c	b	a	4.05	2.62	8.94	0.25	6.86	c	b	c	c	c
x142	8.12	2.69	2.69	2.69	5.61	b	c	b	c	a	8.12	1.2	1.2	1.2	5.61	b	c	b	c	a	0.96	2.41	2.89	6.06	4.04	a	b	a	c	a	8.32	5.66	9.81	3.4	9.12	a	b	a	a	b
x143	9.26	9.16	5.6	1.52	2.18	b	b	c	b	b	1.66	8.46	8.02	0.57	8.83	c	c	a	a	c	6.63	1.7	7.21	1.37	3.69	c	c	c	b	b	9.21	8.98	6.67	2.7	8.62	a	a	b	a	a
x144	5.56	2.41	2.35	4.92	3.01	a	a	b	b	c	1.58	7.02	3.17	5.67	3.43	a	b	a	b	a	1.54	8.17	2.7	8.39	7.17	b	a	c	a	a	2.84	0.95	8.73	6.52	2.93	b	c	c	b	c
x145	5.02	4.6	2.14	3.25	2.05	a	b	a	c	c	8.13	2.08	7.83	6.25	4.55	a	a	c	a	a	2.56	0.97	9.04	4	7.58	b	b	c	b	c	8.61	0.14	5.74	1.99	0.01	c	a	a	a	b
x146	6.08	8.9	6.85	5.18	3.7	c	a	a	b	a	1.03	1.51	3.74	6.06	7.86	a	a	b	c	c	8.1	4.18	5.96	8.33	8.17	c	c	b	b	b	8.49	7.68	4.35	3.07	1.71	c	a	b	b	a
x147	2.07	5.03	0.15	2.27	2.09	a	a	a	c	c	8.39	7.58	5.54	1.13	5.93	a	b	a	b	a	0.66	3.11	4.8	4.19	2.77	a	a	b	c	c	4.62	5	5.49	7.3	9.28	c	c	a	b	c
x148	5.05	5	7.63	8.87	6.39	a	b	c	b	b	5.62	8.57	6.8	1.73	1.6	c	b	c	b	c	1.23	8.19	5.37	5.6	8.57	c	a	a	b	c	0.05	3.49	8.07	7.16	0.45	a	b	c	a	a
x149	7.66	6.06	0.01	4.78	8.91	b	b	a	c	a	5.83	8.38	0.66	6.03	5.3	c	a	b	b	b	6.48	7.07	5.58	6.75	9.85	c	a	c	c	c	5.61	9.31	4.99	4.62	9.75	c	c	c	a	a
x150	1.78	6.28	4.95	3.6	9.41	b	c	c	c	b	2.49	9.2	7.41	3.52	4.38	c	c	a	a	b	5.92	0.02	3.03	1.9	5.7	c	b	a	a	c	9.19	5.19	8.7	2.71	5.19	c	a	c	b	b
x151	3.69	6.32	1.48	1.91	2	c	c	b	b	b	2.83	6.98	0.49	5.29	0.06	c	a	c	b	a	8.73	4.62	2.1	7	5.03	c	a	c	b	b	3.68	3.84	8.06	0.99	2.42	b	c	c	b	b
x152	7.37	2.69	2.69	2.69	9.07	c	c	a	b	a	4.46	1.2	1.2	1.2	3.51	a	b	c	b	b	9.84	2.6	4.49	2.31	2.56	b	c	b	b	c	0.67	1.53	7.08	0.71	0.98	b	a	b	c	a
x153	1.3	3.72	0.4	3.1	8.24	a	b	b	b	c	6.18	6.45	4.33	5.56	7.34	a	b	b	c	b	1.21	3.99	2.89	8.84	5.37	a	a	c	c	a	1.41	1.23	3.61	3.52	2.14	c	c	b	c	b
x154	0.91	9.98	6.82	2.01	8.55	c	a	b	a	a	5.02	1.21	1.49	0.82	9.47	a	c	b	a	a	6.22	6.66	5.45	1.07	3.06	a	b	b	b	a	5.57	5.58	6.24	5.34	8.73	c	a	c	c	a
x155	4.31	1.52	4.11	5.61	8.53	c	b	c	a	c	7.08	6.93	7.13	0.23	0.75	c	c	b	c	b	4.92	7.82	7.49	0.6	3.53	a	b	a	c	a	2.18	1.8	8.76	4.44	3.55	c	c	b	a	b
x156	4.41	0.04	8.86	1.71	2.23	a	b	b	b	b	7.65	1.12	6.13	7.17	6.37	c	c	b	a	b	0.76	8.99	1.75	6.88	4.25	c	a	c	c	a	0.41	0.25	8.67	9.22	3.41	c	a	c	a	c
x157	7.07	1.12	2.83	1.9	2.31	a	c	b	a	a	5.8	2.33	3.92	7.13	7.28	b	b	a	c	c	3.2	6.69	9.42	3.01	1.83	a	a	b	b	a	2.06	0.65	4.6	5.63	9.76	c	a	c	a	c
x158	7.78	0.89	7.19	3.83	7.71	b	a	b	c	a	6.62	3.46	6.02	8.64	7.45	b	a	b	c	a	1.46	3.51	7.24	9.08	1.38	c	a	a	c	c	4.48	4.39	6.23	7.41	1.66	c	c	c	c	a
x159	3.04	9.21	3.87	1.7	2.57	c	b	a	c	c	7.58	7.7	4.35	9.34	2.11	c	b	c	b	a	1.93	2.33	2.72	4.27	8.2	c	b	b	b	a	1.04	9.78	9.02	0.04	9.35	b	c	b	b	a
x160	0.39	3.28	9.16	5.8	1.6	a	b	c	c	b	8.77	1.83	9.15	9.43	3.14	b	b	c	a	a	9.32	5.9	9.79	6.77	1.28	c	b	b	a	c	5.85	1.83	0.17	8.14	4.67	c	b	b	b	b
x161	4.67	2.62	7	3.59	9.48	c	a	a	c	b	7.74	8.14	9.86	2.18	4.13	a	b	b	c	a	1.07	5	7.93	6.61	7.41	b	a	b	c	a	2.71	3.57	2.84	2.09	2.17	a	b	c	a	b
x162	8.19	9.71	8.29	1.51	3.23	c	c	b	a	a	9.45	4.7	6.53	5.44	9.01	b	c	c	b	b	8.76	9.18	9.82	6.63	1.06	a	b	b	b	b	1.29	0.68	3.44	9.33	1.86	c	b	b	a	a
x163	8.92	6.46	8.2	7.5	4.5	b	b	a	c	b	6.28	0.94	8.77	8.75	0.46	c	b	b	b	c	2.45	4.74	9.78	1.02	9.35	b	b	a	b	c	5.05	3.22	4.75	6.2	1.43	c	a	a	a	a
x164	8.12	2.94	2.86	9.42	5.61	b	a	a	a	a	8.12	0.58	5.21	4.69	5.61	b	b	b	a	a	5	6.37	5.84	7.3	9.54	c	a	c	a	c	1.24	0.56	8.32	5.52	8.94	b	c	b	c	a
x165	0.52	0.67	6.48	8.81	6.59	b	c	a	c	b	3.39	7.08	2.77	7.25	1.57	b	c	b	a	b	8.13	9.71	0.84	5.11	4.95	c	c	a	c	b	0.6	8.42	9.69	2.01	9.6	b	b	a	c	a
x166	8.12	5.76	3.73	9.91	5.61	b	c	c	a	a	8.12	8.55	9.33	1.36	5.61	b	c	b	b	a	1.77	7.3	9.67	1.67	7.49	a	a	c	b	c	10	3.82	1.7	6.75	0.16	a	b	b	c	c
x167	8.12	6.27	9.7	8.13	5.61	b	a	a	b	a	8.12	1.02	2.67	9.28	5.61	b	a	b	c	a	9.38	1.21	0.53	9.18	1.36	c	b	b	b	c	7.94	3.13	0.18	8.23	7.49	a	b	b	c	c
x168	0.94	1.58	6.18	4.99	9.3	c	c	b	b	b	8.78	0.49	2.03	7.8	2.47	c	b	b	b	c	2.01	7.79	7.98	8.59	0.79	b	a	c	b	b	1.44	9.66	5.61	8.06	1.35	c	a	c	b	c
x169	7.94	4.34	4.18	7.35	1.86	b	c	c	b	b	6.53	4.49	1.34	6.22	4.49	a	a	a	b	c	8.3	1.88	9.69	3.47	9.92	c	b	b	b	b	0.3	7.8	1.36	1.73	3.18	c	a	c	a	a
x170	8.56	2.37	2.13	4.41	8.53	b	c	a	a	a	6.91	4.35	4.98	4.82	5.87	c	b	c	c	b	1.04	7.53	2.72	3.23	7.07	b	b	a	c	b	7.32	3.39	0.18	5.81	0.08	c	a	b	a	b
x171	1.57	0.92	1.64	9.56	2.41	b	a	b	a	b	0.64	2.82	1.15	1.62	3.88	b	b	b	b	a	1.61	6.59	2.92	4.62	8.37	a	a	a	c	c	3.2	7.2	9.34	5.33	2.13	b	c	c	b	b
x172	2.06	6.05	5.23	6.09	3.52	c	a	a	a	c	1.82	2.64	8.6	8.82	0.45	a	c	a	c	c	3.51	0.98	2.12	7.19	1.3	a	a	c	c	c	4.72	4.53	6.63	7.69	8.16	b	a	a	b	c
x173	8.12	9.43	0.81	3.32	5.61	b	b	a	b	a	8.12	9.36	4.94	3.2	5.61	b	b	a	a	a	6.43	9.38	1.25	5.51	0.65	b	b	a	b	b	9.67	7.35	4.97	2.19	9.86	b	c	b	b	a
x174	8.51	2.69	2.69	2.69	3.52	c	b	c	a	a	2.07	1.2	1.2	1.2	8.07	c	b	b	a	a	3.21	8.71	5.39	7.37	5.42	b	c	c	c	b	5.63	4.63	2.45	6.15	0.77	a	c	b	c	b
x175	8.12	8.85	6.33	1.5	5.61	b	c	a	a	a	8.12	5.57	1.88	9.98	5.61	b	b	a	c	a	0.77	0.12	4.43	2.55	6.63	a	a	a	a	a	8.64	4.65	5.77	8	6.36	c	a	b	c	b
x176	9.33	2.69	2.69	2.69	4.19	b	b	b	c	c	1.75	1.2	1.2	1.2	1.95	b	a	b	b	c	6.68	5.06	8.95	0.67	5.64	b	c	a	a	c	7.4	1.04	3.48	5.64	1.36	b	b	a	b	b
x177	4.78	3.03	3.34	6.16	3.83	a	a	c	b	b	5.81	9.09	0.06	9.18	5.42	b	a	c	b	c	6.54	3.46	6.34	8.9	0.63	c	a	a	a	c	6.79	0.68	1.41	0.62	4.25	a	b	b	b	c
x178	6.85	9.62	7.94	0.4	8.42	a	b	a	b	a	0.51	9.89	9.56	5.22	7.94	c	c	a	b	c	7.39	4.09	9.65	7.98	2.48	c	b	b	b	c	9.64	9.17	3.89	9.36	2.66	b	a	c	c	a
x179	7.53	2.69	2.69	2.69	3.95	a	c	c	b	b	2.93	1.2	1.2	1.2	1.97	b	c	c	a	b	6.13	5.3	4.55	1.44	8.02	a	b	c	b	a	8.84	2.24	9.04	6.96	3.75	a	c	b	b	a
x180	5.9	3.41	0.16	2.6	0.09	a	a	c	a	c	8.97	7.73	8.12	8.44	6.85	a	c	c	a	b	2.65	2.56	8.44	7.16	2.14	c	b	a	c	b	8.5	5.4	9.44	3.42	5.89	a	c	c	b	a
x181	2.46	9.93	2.55	4.71	4.54	a	a	a	b	a	7.92	4.64	7.05	5.73	7.24	a	c	b	c	c	0.95	9.57	5.43	9.97	0.51	a	c	a	c	c	3.49	4.68	5.89	3.88	7.06	b	c	c	a	a
x182	3.55	8.21	5.84	9.91	0.21	b	c	a	a	b	7.29	8.22	1.41	1.92	7.05	b	a	a	b	c	5.2	1.13	9.95	1.89	2.69	c	a	b	a	c	2.66	4.85	8.39	1.79	1.34	b	b	c	b	c
x183	8.12	1.62	9.55	6.25	5.61	b	a	a	b	a	8.12	7.55	5.3	6.59	5.61	b	c	a	c	a	2.87	8.77	2.99	6.68	0.07	c	b	b	b	a	9.46	7.76	1.99	9.05	6.09	b	a	c	b	a
x184	8.12	2.69	2.69	2.69	5.61	b	c	a	c	a	8.12	1.2	1.2	1.2	5.61	b	b	c	b	a	8.23	4.85	3.9	3.44	3.57	b	b	b	c	a	7.83	1.93	1.33	8.93	6.8	b	c	c	b	b
x185	6.88	5.39	8.28	8.17	8.75	a	b	a	a	b	8.65	1.29	6.36	4.88	6.33	b	c	a	b	c	4.3	0.89	5.15	3.38	6.41	c	c	c	b	b	6.9	2.94	7.79	4.6	1.34	a	c	b	b	c
x186	1.51	1.3	8.53	3.96	8.77	a	c	a	b	c	9.7	4.77	4.79	1.88	9.04	b	c	c	b	c	7.57	3.84	4.27	2.05	7.95	b	b	b	b	c	4.03	1.66	6.39	3.01	6.58	c	a	a	b	b
x187	8.67	8.77	2.97	4.98	1.4	a	a	a	a	c	1.12	0.6	1.95	8.94	7.4	a	b	c	b	c	0.2	4.35	8.35	9.8	8.14	c	c	a	a	a	4.89	2.33	3.27	3.81	0.86	a	a	b	c	c
x188	8.12	9.13	3.49	2.98	5.61	b	c	a	a	a	8.12	3.84	7.17	7.75	5.61	b	b	b	b	a	1.13	9.92	3.32	5.17	8.34	b	b	c	a	a	8.45	0.54	1.79	9.74	8.24	c	c	b	b	b
x189	8.12	8.56	9.91	3.72	5.61	b	a	b	a	a	8.12	0.12	9.03	4.75	5.61	b	b	a	c	a	2.68	6.15	6.89	4.35	3.01	b	b	c	c	a	5.31	1.98	8.92	8	4.92	c	c	a	c	b
x190	0.31	2.69	2.69	2.69	1.06	c	a	b	c	c	8.05	1.2	1.2	1.2	1.37	b	b	c	b	c	2.05	5.21	4.76	0.13	7.63	c	b	a	a	a	7.66	1.17	5.54	0.22	1.08	c	b	b	a	b
x191	3.27	3.57	0.8	0.42	2.29	c	c	a	c	c	4.3	9.57	4.21	1.18	2.23	c	c	a	b	c	9.33	0.88	0.71	9.58	9.88	c	b	b	b	b	4.1	1.06	5.07	3.7	1.36	a	b	a	c	b
x192	7.52	1.48	6.05	0.84	9.94	a	b	c	a	c	4.59	1.29	7.2	9.08	2.85	c	a	b	a	a	7.5	0.47	4.43	5.74	6.22	c	c	a	a	a	3.74	1.54	7.08	2.36	7.98	c	b	a	a	c
x193	8.13	9.67	0.18	3.91	5.74	b	b	a	a	a	1.25	4.79	6.8	1.9	4.04	c	a	c	b	a	4.48	2.66	9.34	7.97	0.14	c	b	a	b	c	5.23	3.3	9.65	9.35	6.79	c	c	b	c	a
x194	1.75	8.88	1.13	1.96	2.49	b	c	c	c	b	5.49	2.77	4.34	3.64	6.47	a	c	b	a	c	3.99	8.86	8.57	3.58	6.65	a	c	b	c	a	3.59	6.51	2.52	8.17	9.82	b	c	a	b	c
x195	5.43	1.95	7.43	1.75	9.88	c	c	c	c	a	8.89	3.13	1.19	2.11	1.18	b	a	a	b	c	7.75	3.49	5.18	7.71	8.32	c	c	b	a	a	1.05	4.06	4.35	6.21	4.48	b	c	c	b	b
x196	9.06	8.22	3.02	0.35	6.27	b	b	c	a	c	6.88	6.06	1.86	7.18	8.59	c	c	a	a	a	4.08	9.72	7.94	1.07	2.04	a	c	a	c	a	8.84	0.34	6	5.31	4.87	c	a	c	a	a
x197	4.72	2.18	2.99	8.64	2.6	b	a	c	a	b	1.78	9.7	2.59	6.47	8.36	a	b	b	a	c	7.77	3.09	1.67	1.07	0.09	a	a	c	c	a	4.3	3.76	2.41	5.43	2.25	b	b	b	a	c
x198	3.21	7.03	5.18	2.06	9.99	a	c	a	c	a	5.45	2.16	3.54	5.65	4.56	b	c	a	c	b	4.81	3.17	9.65	4.61	8.29	b	a	a	b	c	5.19	2.88	3.27	0.55	7.47	a	c	c	b	a
x199	7.35	2.69	2.69	2.69	5.64	b	c	c	b	a	4.65	1.2	1.2	1.2	3.87	c	b	b	b	a	2.15	0.86	5.15	2.96	4.19	c	a	a	b	c	7.92	0.72	1.6	0.56	2.13	c	a	b	b	c
x200	7.87	8.75	4.66	5.12	2.2	c	c	c	a	a	4.79	3.88	7.07	6.06	1.35	c	a	b	c	b	3.5	5.6	4.19	7.4	4.04	b	b	a	a	a	5.41	2.85	8.24	4.29	3.84	c	b	b	c	b
x201	2.66	9.13	7.51	4.5	0.35	b	b	b	b	b	8.67	2.57	7.38	9.7	4.5	c	a	c	c	b	4.16	7.75	5.27	5.38	3.04	b	a	a	a	c	6.8	0.96	2.21	5.88	8.43	c	a	c	b	a
x202	9.42	0.32	2.07	1.1	7.3	c	a	c	c	c	6.54	7.2	2.72	8.55	8.94	c	c	b	b	a	8.48	9.73	4.01	4.76	5.44	a	c	b	a	b	7.34	2.38	9.05	8.52	1.99	c	a	c	c	a
x203	9.11	0.82	5.43	1.6	1.81	b	b	a	c	a	5.25	8.84	3.97	9.91	8.27	a	a	a	c	c	7.48	4.1	1.02	2.56	0.15	b	a	c	b	b	9.91	4.09	2.51	6.86	6.76	c	a	c	b	b
x204	2.93	4.03	7.02	8.73	8.72	c	c	b	b	c	6.69	2.39	0.75	9.8	0.54	b	b	c	a	c	1.32	3.8	0.88	3.59	3.81	a	a	c	a	b	7.46	3.8	9.23	2.73	5.02	a	a	a	b	b
x205	4.72	3.76	7.31	4.05	0.56	b	c	c	b	b	7.95	0.24	5.1	7.83	0.05	c	b	c	b	c	1.62	3.38	7.53	7.79	6.77	c	a	c	b	c	8.23	6.7	6.13	0.02	9.28	b	a	b	c	c
x206	8.12	9.3	6.22	3.33	5.61	b	b	c	c	a	8.12	9.65	0.72	6.15	5.61	b	b	c	b	a	7.61	4.91	2.73	5.15	5.95	c	b	a	a	a	2.05	0.27	4.61	0.26	9.8	b	a	a	b	a
x207	5.53	4.4	5.13	9.16	5.82	b	a	a	c	a	8.21	7.42	8.08	1.57	6.96	b	a	a	b	a	7.87	0.41	3.24	6.59	7.42	b	a	b	a	c	5.85	3.61	5.97	7.07	0.31	c	b	a	c	c
x208	8.12	2.69	2.69	2.69	5.61	b	a	b	a	a	8.12	1.2	1.2	1.2	5.61	b	a	b	b	a	3.55	9.52	9.11	3.27	8.51	b	a	c	b	a	2.33	5.28	5.68	9.29	3.85	a	b	b	b	b
x209	9.51	2.69	2.69	2.69	6.34	a	a	b	a	c	9.82	1.2	1.2	1.2	4.62	b	c	c	a	c	6.84	6	6.8	6.21	7.23	b	c	a	b	a	0.52	5.21	2.78	0.03	7.98	c	c	b	a	b
x210	2.32	4.36	5.66	3	4.44	b	c	c	c	b	2.8	9.55	2.07	6.07	2	c	c	a	b	c	8.09	9.7	3.17	9.46	7.22	b	c	c	a	a	9.74	9.93	7.99	6.4	5.28	b	a	a	a	c
x211	0.1	2.69	2.69	2.69	8.91	b	a	a	b	a	6.19	1.2	1.2	1.2	3.42	b	c	c	b	c	3.77	7.24	5.94	1.55	3.02	b	b	b	b	c	9.16	4.12	6.35	4.42	0.56	a	c	b	b	b
x212	8.12	2.69	2.69	2.69	5.61	b	a	c	c	a	8.12	1.2	1.2	1.2	5.61	b	a	b	a	a	0.69	3.42	4.48	5.99	1.38	a	c	b	c	a	1.56	8.04	1.81	1.06	2.68	a	c	c	c	c
x213	1.83	3.47	3.78	4.47	3.35	a	c	a	a	a	0.01	7.46	3.73	6.62	4.04	c	c	b	a	c	2.37	5.89	8.84	0.19	9.3	b	a	b	a	c	7.74	9.62	8.67	0.89	6.75	a	a	c	a	b
x214	2.15	0.54	7.15	9.09	7.87	c	b	a	a	c	4.24	8.6	0.61	1.91	6.68	b	a	b	c	b	2.43	5.03	3.87	8.34	7.02	c	c	c	c	b	4.09	9.34	8.41	6.31	0.21	b	c	c	b	a
x215	1.22	2.69	2.69	2.69	1.53	c	c	c	c	a	6.13	1.2	1.2	1.2	1.75	c	a	a	b	b	5.21	8.08	1.95	4.48	3.12	c	a	b	b	a	5.55	8.1	8.79	5.15	5.76	c	b	b	c	c
x216	3.12	8.25	1.21	8.93	5.56	c	c	c	b	b	6.64	1.74	8	4.33	8.38	c	b	c	a	c	7.85	3.44	0.19	8.51	1.43	a	c	a	b	a	3.51	3.5	0.35	6.45	2.09	a	c	b	c	b
x217	9.83	5.47	7.92	4.14	8.57	b	b	c	c	c	2.43	5.55	8.32	9.38	0.62	a	b	a	b	a	1.57	2.52	6.16	4.69	3.52	c	a	a	a	b	1.53	4.97	2.23	2.35	4.81	c	c	a	b	c
x218	3.25	4.74	6.87	7.05	1.77	b	b	a	a	a	8.7	8.51	3.97	3.07	5.23	a	a	a	c	a	3.57	2.05	7.58	7.31	1.54	a	a	c	c	c	9.08	3.84	5.96	9.22	8.61	a	a	a	c	b
x219	5.99	6.41	3.82	5.47	1.81	c	a	b	a	c	8.6	4.43	2.71	8.09	5.4	c	a	c	c	b	1.8	5.07	3.65	3.45	0.87	c	a	c	c	a	9.07	5.43	5.57	7.67	6.72	b	a	b	a	c
x220	9.46	2.26	2.86	1.49	9.03	b	c	c	a	b	6.41	1	1.83	8.47	2.05	a	b	a	b	a	0.63	1.74	8.98	2.88	0.72	a	a	c	b	b	9.2	6.88	0.27	3.79	3.81	c	a	b	b	a
x221	6.96	2.01	9.21	2.74	4.59	c	c	b	b	b	5.89	5.46	4.85	7.2	0.4	b	c	a	a	b	0.25	5.37	9.95	5.62	0.02	a	c	b	c	c	5.12	5.05	1.84	8.21	2.2	a	c	c	c	b
x222	8.68	2.46	6.72	9.91	2.57	a	b	b	a	c	2.02	3.28	3.63	6.33	2.03	a	a	a	a	a	5.66	5.07	6.15	6.5	7.19	c	c	b	b	b	6.5	4.94	7.16	7.99	6.7	b	c	a	b	b
x223	0.01	9.24	7.29	2.95	1.36	a	a	c	c	c	2.19	0.71	6.82	4.06	0.78	c	b	b	c	c	0.3	9.71	0.76	2.29	1.32	c	a	c	a	b	7.19	4.54	9.47	6.4	6.89	a	a	a	a	c
x224	8.12	4.75	6.5	6.05	5.61	b	b	c	a	a	8.12	7.63	2.88	1.38	5.61	b	b	a	b	a	8.34	2.65	8.06	0.69	7.96	b	a	a	a	c	1.2	5.13	0.78	7.32	8.8	b	b	a	b	a
x225	0.86	5.92	4.25	9.43	8.72	c	c	a	b	c	5.19	5.15	6.61	7.91	9.54	a	c	b	b	c	4.88	9.69	5.08	7.65	7.97	c	c	a	b	a	8.78	3.63	5.07	3.41	2.89	a	c	a	c	c
x226	0.87	8.83	2.18	0.98	8.59	c	a	c	a	c	6.56	3.98	4.17	7.85	5.45	c	c	c	a	a	8.29	4.13	3.27	4.34	6.47	a	a	b	b	a	8.14	5.6	5.64	5.99	1.74	c	b	c	c	a
x227	1.37	1.38	8.72	3.79	5.74	c	a	b	a	b	2.28	6.65	4.85	3.09	4.75	b	a	c	a	a	1.28	5.46	1.1	3.95	5.5	c	b	b	b	a	3.93	1.08	6.64	2.63	1.68	c	c	b	c	c
x228	6.27	3.28	9.8	5.26	9.52	c	a	b	a	b	4.42	6.04	4.24	3.44	8.09	c	c	a	b	a	3.13	2.04	7.58	0.01	9.66	a	c	a	a	b	1.52	3.88	2.51	9.77	0.94	c	b	a	b	a
x229	6.83	1.9	7.69	6.64	7.49	c	c	a	a	a	1.24	4.11	0.72	1.98	9.5	c	b	c	a	a	0.98	2.62	7.07	2	2.01	c	b	a	a	a	7.05	0.57	5.51	9.81	0.74	b	b	c	a	b
x230	1.64	2.69	2.69	2.69	2.14	c	b	b	c	a	6.73	1.2	1.2	1.2	5.7	c	c	b	a	c	3.44	9.24	2.45	9.73	3.45	b	b	a	b	b	4.05	3.81	0.28	7.44	1.77	c	c	b	a	b
x231	2.54	2.87	6.76	9.01	0.62	b	b	b	a	b	3.66	5.47	4.15	8.73	9.2	b	b	c	b	a	5.19	7.58	9.92	2.65	5.85	c	c	c	b	a	4.09	2.66	4.71	9.04	7.82	b	c	c	b	b
x232	0.15	2.69	2.69	2.69	6.38	c	c	b	a	a	5.53	1.2	1.2	1.2	4.3	b	b	b	c	a	1.44	8.19	3.85	6.09	1.71	c	b	a	a	c	5.36	9.15	3.89	3.96	5.68	c	b	c	b	c
x233	3.84	3.96	3.54	2.88	7.04	c	b	a	b	c	9.19	8.85	5.75	8.38	4.38	c	c	b	b	b	6.65	2.42	0.67	2.47	6.74	c	b	c	b	c	7.22	8.06	1.63	2.35	1.96	c	b	b	c	c
x234	8.12	9.81	5.41	0.72	5.61	b	b	b	b	a	8.12	9.26	0.75	7.89	5.61	b	a	c	b	a	0.58	8.11	4.16	8.57	8.03	c	b	a	b	c	9.86	7.99	3.61	5.8	1.91	b	b	c	c	a
x235	0.16	6.88	9.69	3.46	2.81	a	a	c	a	a	4.82	9.61	6.7	2.03	2.9	c	b	c	b	c	3.65	0.27	8.67	6.23	6.02	c	c	a	b	c	5.55	1.63	2.58	4.3	8.27	c	a	b	a	b
x236	9.44	3.52	6.25	1.31	4.68	a	c	c	c	c	4.04	6.81	4.13	1.46	8.77	b	b	b	b	a	0.65	3.49	3.99	0.75	2.16	a	a	b	c	c	5.83	5.17	0.62	6.21	4.51	b	b	b	c	b
x237	2.57	7.61	1.2	1.56	4.51	c	a	c	b	a	6.79	5.37	9.11	9.15	0.77	c	c	c	b	a	4.6	3.85	7.92	5.79	7.65	c	b	a	b	b	7.02	0.28	8.42	3.78	5.96	a	a	a	c	c
x238	9.57	1.76	5.17	5.6	5.7	c	a	a	b	c	9.88	9.6	8.76	8.21	5.45	b	a	c	b	c	2.87	9.87	4.01	4.41	9.69	b	c	c	a	b	6.5	2.78	4.76	3.76	3.72	c	c	b	b	b
x239	3.7	1.25	1.49	6.56	7.91	c	c	b	c	b	4.21	6.73	1.43	4.56	5.58	a	c	c	a	a	9.11	2.74	9.72	4.2	6.23	b	c	b	a	b	5.75	5.56	7.66	5.93	5.76	c	b	a	c	c
x240	2.64	1.83	5.29	8.5	6.85	b	a	c	c	b	1.76	5.79	1.86	3.04	6.07	b	c	c	a	c	7.91	2.14	9.92	9.91	5.91	c	b	c	c	c	3.51	6.68	5.28	5.41	1.48	a	a	c	c	a
x241	2.67	9.49	3.85	9.04	7.47	a	c	b	c	b	9.61	2.84	4.03	2.39	1.59	a	c	c	b	c	4.82	0.37	4.32	0.95	6.66	b	c	c	b	a	9.84	5.56	0.38	8.7	9.6	b	a	b	c	b
x242	8.12	2.07	0.68	3.14	5.61	b	a	c	a	a	8.12	4.72	0.62	0.7	5.61	b	b	a	c	a	3.88	7.47	3.33	0.35	0.62	a	c	a	b	b	9.98	4.47	9.49	1.95	1.77	a	c	a	a	c
x243	8.12	4.16	3.73	7.97	5.61	b	a	a	a	a	8.12	6.05	3.2	2.87	5.61	b	b	c	a	a	6.98	0.47	0.38	7.35	4.63	a	a	a	c	b	5.6	1.49	1.45	8.47	2.19	c	c	a	a	b
x244	7.43	2.17	3.87	4.65	1.24	a	a	c	c	c	0.27	3.23	1.52	8.7	3.26	a	c	b	c	a	5.95	1.36	0.48	8.68	8.49	b	c	b	a	a	8.51	4.77	8.05	8.84	5.26	b	c	c	a	c
x245	7.41	3.31	5.94	8.93	1.83	b	a	a	b	c	8.02	9.86	0.96	2.79	0.18	a	b	a	c	b	5.09	9.23	6.2	6.7	4.77	a	b	a	b	b	3.79	5.76	5.18	7.64	7.15	a	b	c	a	b
x246	2.85	8.1	5.13	1.42	7.67	c	a	a	b	a	5.49	9.48	8.93	0.91	5.53	b	c	c	b	a	4.69	5.05	9.86	5.44	4.73	b	b	a	a	a	8.46	3.03	8.18	3.61	8.92	c	c	a	c	a
x247	5.32	8.39	9.48	4.72	0.93	b	a	c	c	c	7.14	0.95	1.46	7.68	7.72	b	b	b	a	b	2.89	6.46	6.6	5.96	5.13	b	a	b	c	a	5.94	7.65	7.77	5.02	8.99	b	b	b	c	a
x248	5.47	7.57	0.54	9.71	3.5	b	a	c	a	c	3.1	6.73	3.2	3.93	4.46	a	c	b	a	a	0.89	9.24	7.76	3.29	2.69	c	a	b	c	b	2.9	0.8	1.46	0.54	2.51	a	b	b	c	c
x249	8.44	7.26	1.39	1.7	1.25	a	c	c	b	a	8.15	2.96	1.25	9.08	8.4	c	a	c	a	a	3.42	4.99	8.13	5.6	5.53	b	c	b	c	c	1.21	7.82	7.83	0.41	4.52	c	b	b	a	c
