X	y0z0	y1z0	y2z0	y3z0	y4z0	y5z0	y6z0	y7z0	y8z0	y9z0	y10z0	y11z0	y12z0	y13z0	y14z0	y15z0	y16z0	y17z0	y18z0	y19z0	y0z1	y1z1	y2z1	y3z1	y4z1	y5z1	y6z1	y7z1	y8z1	y9z1	y10z1	y11z1	y12z1	y13z1	y14z1	y15z1	y16z1	y17z1	y18z1	y19z1	y0z2	y1z2	y2z2	y3z2	y4z2	y5z2	y6z2	y7z2	y8z2	y9z2	y10z2	y11z2	y12z2	y13z2	y14z2	y15z2	y16z2	y17z2	y18z2	y19z2	y0z3	y1z3	y2z3	y3z3	y4z3	y5z3	y6z3	y7z3	y8z3	y9z3	y10z3	y11z3	y12z3	y13z3	y14z3	y15z3	y16z3	y17z3	y18z3	y19z3
x0	5.04	3.53	7.55	4.79	2.7	0.54	0.37	8.46	5.49	1.03	a	c	c	a	b	b	a	b	c	c	8.82	4.64	3.35	1.42	4.26	5.85	7.94	2.65	7.43	1.94	c	c	a	c	c	c	a	b	b	a	3.19	3.85	5.81	5.47	9.63	0.6	1.67	2.61	0.1	9.4	b	a	b	b	c	b	c	b	b	a	8.73	8.66	1.87	5.38	9.03	9.42	8.87	6.32	8.91	1.9	a	a	c	b	c	c	c	c	b	a
x1	2.45	4.22	5.2	6.78	6.73	4.98	5.45	0.12	8.71	2.51	a	b	b	a	b	b	c	a	c	c	9.89	4.02	7.19	1.25	1.88	2.34	7.14	9.32	1.48	6.39	a	c	a	c	a	a	b	c	c	b	5.83	7.22	7.75	2.3	4.44	1.67	6.46	7.32	9.77	5.87	c	b	a	a	b	a	b	b	b	b	4.24	2.67	2.68	0.3	9.89	9.37	7.23	2.71	9.58	8.42	a	c	c	b	b	c	c	c	c	a
x2	9.31	4.94	8.63	3.49	8.22	5.31	4.65	0.03	1.85	8.54	c	b	c	c	c	c	b	b	a	c	4.66	9.51	6.25	1.98	4.92	5.23	6.15	4.48	9.17	4.48	b	a	c	b	a	c	a	a	a	a	1.05	8.3	7.06	1.17	1.08	3.45	8.29	2.24	9.54	7.14	a	b	c	c	b	a	b	c	a	a	0.26	7.19	5.69	6.73	2.44	4.46	2.17	7.39	3.6	2.39	a	c	b	c	a	c	b	c	a	c
x3	1.08	0.12	3.37	2.34	2.39	4.51	8.98	3.39	4.25	1.16	a	b	c	a	b	b	a	c	b	b	0.43	2.35	6.1	6.63	8.96	1.69	2.28	1.21	3.52	4.69	b	c	a	a	c	a	b	b	a	a	2.73	6.06	0.83	9.85	5.12	6.24	8.4	1.33	6.94	5.1	c	a	b	c	a	b	b	a	a	c	1.33	3.9	6.67	8.97	1.1	8.28	0.67	7.25	4.84	3.88	a	c	c	b	c	c	b	c	b	b
x4	7.2	1.47	1.44	6.04	2.5	7.76	3.96	6.24	6.26	2.02	a	c	b	a	a	c	a	a	b	a	7.24	2.33	0.37	5.52	6.24	5.52	1.42	7.4	7.21	1.7	c	b	b	a	c	c	b	b	c	b	9.04	8.61	2.31	4.93	9.09	4.34	1.82	3.13	7.16	6.81	c	b	a	c	c	a	c	b	c	b	1.68	7.87	9.64	6.22	1.57	6.04	8.88	7.55	4.56	2.94	c	b	b	a	a	c	b	c	b	b
x5	6.89	1.36	1.05	6.18	7.59	9.74	4.97	1.11	0.11	9.52	c	a	c	a	b	a	a	a	c	b	4.9	9.55	9.08	2.13	1.3	2.5	9.5	3.71	5.88	8.38	a	c	c	c	b	a	a	a	c	a	8.83	3.67	3.29	9.48	1.21	3.43	2.85	4.23	2.88	8.1	a	c	b	a	b	b	a	a	a	a	7.59	8.96	9.16	1.65	7.04	1.83	1.28	3.8	8.24	7.03	c	a	c	b	a	c	b	a	a	c
x6	5.27	8.7	7.59	8.7	0.42	8.7	6.38	6.01	6.43	8.97	b	b	a	b	a	c	c	c	c	b	3.34	7.62	2.83	7.62	1.16	7.62	7.3	5.39	1.64	9.44	b	c	c	a	a	a	c	a	b	b	3.34	0.38	2.83	6.48	6.85	7.68	5.76	7.12	6.63	0.86	b	c	a	a	c	a	b	b	c	b	8.07	5.61	1.93	2.92	6.55	2.67	3.8	0.55	5.46	2.62	c	c	c	a	a	b	a	a	c	b
x7	8.38	7.09	1.33	8.27	9.54	1.39	7.23	3.46	7.14	4.48	a	c	b	a	c	c	c	c	c	c	0.24	9.3	0.44	8.32	1.65	7.04	3.13	8.81	3.75	5.03	b	a	b	c	a	a	c	c	c	b	8.63	3.37	7.69	1.56	4.23	5.55	6.97	3.72	8.43	1.58	c	c	c	c	a	a	a	c	a	a	6.35	4.68	4.87	7.68	3.51	3.3	8.22	0.06	0.3	4.07	b	c	c	a	b	b	c	a	b	c
x8	3.84	5.74	1.2	0.85	7.95	5.7	6.39	1.58	6.64	8.1	c	a	b	a	c	a	c	b	b	b	2.67	8.17	7.95	7.1	7.8	5.03	2.08	6.36	2.01	8.06	b	b	a	b	c	c	b	c	c	b	1.41	0.05	8.69	3.08	5.73	4.32	1.12	5.46	3.8	8.08	a	b	a	a	c	c	c	b	a	b	1.08	9.18	4.88	5.97	4.95	1.62	3.64	1.8	3.27	8.12	a	b	a	c	c	b	b	c	a	c
x9	2.93	7.99	8.15	9.33	5.93	4.73	6.43	1.64	8.38	9.44	c	b	a	a	c	a	c	b	b	a	1.73	2.42	8.99	1.38	8.88	9.03	4.73	8.87	5.65	9.95	a	a	b	a	a	c	c	a	b	b	6.27	2.31	3.65	1.68	7.18	3.59	2.94	7.06	3.78	8.85	b	b	b	b	c	c	b	a	c	b	4.34	7.76	0.82	6.19	9.2	8.29	8.79	3.72	2.53	5.36	c	c	c	b	a	c	a	c	b	c
x10	6	4.44	5.18	1.35	8.09	3.59	8.95	0.24	0.39	4.41	b	b	b	b	c	b	c	b	c	a	7.03	9.76	7.64	7.09	4.96	1.28	7.94	4.77	8.63	8.09	b	c	c	c	b	b	a	a	b	a	6.56	1.3	2.01	0.97	6.09	2.4	5.11	8.39	9.42	2.36	a	c	a	b	a	c	a	a	b	a	1.2	3.79	6.72	5.69	0.35	8.67	5.5	4.67	9.11	0.82	c	c	a	a	c	b	b	b	c	b
x11	5.45	0.18	1.79	2.83	1.56	4.94	1.03	1.96	3.91	5.95	a	b	b	c	b	c	c	b	b	b	5.34	2.4	6.6	5.99	2.12	3.7	7.02	4.63	1.34	3.1	b	b	b	c	a	c	b	c	c	a	3.57	3.17	0.47	0.1	3.12	8.6	6.36	0.81	9.04	8.03	c	c	a	c	c	b	a	c	c	c	7.56	9.33	3.22	8.45	1.59	6.41	1.45	3.2	2.71	7.76	c	a	c	c	a	b	b	c	b	a
x12	1.24	1.04	6.14	8.24	7.8	2.45	1.53	5.45	1.57	2.39	a	b	b	c	b	a	a	b	b	a	0.52	5.31	1.66	5.77	1.25	5.15	8.61	1.71	7.05	1.66	b	a	a	b	a	b	c	b	c	a	3.1	9.51	4.32	2.9	3.18	5.4	3.15	4.79	6.95	1.07	c	b	a	a	c	b	a	c	c	c	4.94	5.95	5	1.1	9.1	7.06	8.21	4.93	3.68	2.29	c	b	b	c	b	b	c	c	c	c
x13	0.86	6.41	6.13	9.83	5.03	0.53	3.25	5.26	6.9	5.25	c	c	a	b	c	c	c	b	b	c	1.28	5.72	3.17	5.31	2.79	7	2.21	5.98	8.28	5.15	a	c	b	c	a	a	a	a	c	a	7.23	3.12	4.29	4.54	6.28	0.51	2.37	2.03	1.66	1.51	c	c	b	c	c	c	a	a	c	a	8.4	4.6	4.2	8.82	7.43	5.06	7.16	7.39	9.65	7.9	a	a	a	b	b	a	c	c	c	a
x14	5.46	0.12	2.36	1.18	6.78	7.04	0.47	4.75	4.95	1.45	c	c	b	b	c	a	c	b	c	a	5.98	3.69	3.6	9.04	6.33	2.49	4.1	0.35	9.34	3.77	b	a	b	a	a	c	c	b	c	a	1.22	3.28	7.58	5.45	4.09	7.46	2.97	7.48	7.37	4.17	b	a	a	b	a	b	c	a	a	b	9.26	1.77	9.43	8.31	5.93	4.93	8.51	7.58	1.69	0.79	c	b	b	b	b	c	a	b	c	a
x15	0.54	0.01	0.58	0.05	7.75	8.52	8.13	7.3	9.29	2.31	c	a	a	a	c	c	c	c	c	a	2.16	2.17	5.88	5.51	7.16	9.21	9.48	4.59	3.84	5.81	b	c	b	b	a	b	a	b	b	b	1.59	2.5	9.49	2.25	5.57	2.5	1.53	2.49	3.88	4.43	c	a	c	a	a	c	a	a	b	b	2.73	9.61	7.28	4.79	4.15	7.81	0.42	1.73	3.27	2.62	a	a	b	c	c	a	c	c	b	b
x16	5.06	7.53	5.31	5.38	4.4	8.01	2.14	5.05	1.15	9.32	b	a	c	c	c	c	a	c	b	b	6.25	3.99	1.77	3	8.38	8.19	2.18	8.93	6.99	9.98	c	b	c	a	c	c	b	a	c	c	2.98	5.19	2.39	2.4	7.11	3.79	1.31	1.2	4.49	4.31	c	a	a	a	b	c	b	a	b	c	0.96	0.77	5.56	6.36	8.45	9.37	6.43	3.11	8.9	9.41	a	a	b	a	b	a	c	c	c	c
x17	9.69	3.73	1.54	4.71	3.49	7.78	2.51	3.04	8.33	5.25	a	b	c	a	b	b	c	a	c	b	8.05	3.53	9.52	3.96	9.78	1.47	1.29	5.66	4.94	5.52	b	a	b	b	c	a	b	b	b	b	3.19	3.4	3.45	5.72	5.82	8.54	7.76	9.74	6.27	4	c	a	b	c	a	c	b	a	a	c	7.9	1.06	1.97	8.16	9.93	6.75	7.24	5.07	8.02	3.68	b	c	b	b	b	c	b	c	c	a
x18	2.88	1.96	9.89	7.6	6.89	4.5	6.25	0.27	8.01	2.07	a	a	c	b	a	a	c	b	b	a	6.18	8.44	0.71	0.6	2.24	7.41	7.31	2.04	6.8	5.58	a	c	b	b	b	a	a	a	a	a	5.27	8.73	3.78	9.67	2.26	0.16	0.91	2.37	3.84	3.88	c	c	a	b	a	c	a	a	a	a	5.35	7.89	2.39	2.08	2.14	6.6	7.02	4.44	2.18	8.94	a	c	c	b	c	a	b	c	a	b
x19	9.62	8.89	7.75	3.93	2.99	9.47	8.05	4.77	6.03	9.62	b	c	a	a	a	a	a	c	c	b	3.34	3.67	2.83	2.56	8.36	5.96	3.05	5.44	2.03	7.57	a	c	c	b	b	b	b	a	b	c	3.34	1.28	2.83	5.42	1.16	0.71	9.97	6.63	7.51	5.9	b	b	c	a	b	a	c	a	c	b	8.13	5.34	4.59	7.3	9.77	4.89	4.74	0.03	2.13	9.04	b	b	c	b	b	a	c	a	b	a
x20	0.53	6.47	6.48	3.43	8.97	3.06	8.72	9.91	6.03	3.41	c	c	a	b	b	b	a	a	a	a	8.42	6.03	5.32	2.47	9.4	6.96	2.57	2.58	5.14	0.77	c	a	a	b	b	c	a	a	c	b	8.22	0.39	5.95	0.68	7.65	3.68	5.26	3.9	4.4	6.04	c	b	a	b	a	c	a	b	c	c	9.56	8.48	5.88	3.07	1.08	6.32	6.54	6.75	3.4	6.7	b	a	b	b	a	b	a	a	a	b
x21	9.2	4.41	0.36	8.76	8.88	3.02	9.1	4.71	3.54	6.82	b	b	a	a	c	a	b	a	a	a	7.78	4.53	4.4	2.68	8.71	5.82	6.38	3.37	9.31	7.02	c	c	c	b	c	b	b	b	b	a	2.98	8.41	3.25	4.6	1.39	6.8	2.83	4.89	2.85	9.53	c	a	c	c	c	c	a	a	c	c	4.88	6.24	3.39	4.42	7.78	4.33	0.32	9.56	6.68	1.21	c	b	b	a	a	a	b	c	a	a
x22	5.49	7.16	1.05	5.84	4.39	4.52	3.65	2.19	3.88	9.8	c	b	a	a	a	a	b	a	a	a	7.76	4.69	3.96	7.3	8.64	0.35	2.07	1.23	9.7	8	a	b	b	a	a	b	c	a	b	a	1.31	7.11	2.96	2.88	7.25	2.3	5.98	6.97	1.87	7.65	a	b	c	b	c	b	a	c	b	a	4.66	0.02	1.42	1.23	2.75	2.88	0.93	4.41	6.54	9.36	c	c	b	b	a	b	b	c	b	a
x23	8.25	8.51	6.31	9.36	7.33	1.1	9.93	1.44	3.39	4.09	c	a	c	b	b	a	a	b	a	b	4.55	5.88	9.62	6.74	5.92	1.1	9.32	3.44	0.87	7.66	c	c	b	a	a	c	a	a	a	a	0.14	0.21	6.01	0.78	3.51	2.26	2.31	0.43	0.47	0.3	a	c	c	b	a	b	a	a	c	a	4.23	2.84	1.48	0.82	6.16	9.31	2.89	8.98	2.9	3.88	b	c	c	a	a	b	b	c	c	a
x24	0.89	3.53	7.34	4.98	3.38	2.64	1.8	6.21	5	8.09	c	c	b	c	c	b	b	c	b	c	7.6	6.98	1.22	4.34	9.33	2.29	1.81	3.03	2.11	6.24	a	b	a	b	b	c	a	c	a	b	6.21	9.6	7.96	1.66	8.61	1.46	0.09	7.48	4.65	3.95	c	b	c	c	c	a	c	b	b	b	3.09	6.47	5.89	2.3	6.18	6.2	0.1	4.68	6.12	9.17	c	a	a	a	c	b	a	a	b	c
x25	8.55	8.38	3.67	5.54	1.55	4.8	3.33	3.61	5.22	7.79	b	a	a	b	a	c	c	b	a	b	6.32	5.19	3.07	9.01	7.7	3.32	1.82	3.12	2.34	1.41	b	a	b	a	b	c	a	a	c	a	7.95	1.36	6.36	7.82	5.33	4.24	1.46	0.11	5.13	0.31	b	a	b	a	c	a	a	c	a	a	0.56	4.39	4.48	1.22	7.33	2.17	5.57	8.54	9.26	2.86	b	a	a	b	a	a	b	c	b	b
x26	2.37	5.95	5.06	4.19	0.73	5.86	2.3	4.63	5.42	2.5	b	c	c	b	c	a	a	b	c	c	4.45	0.18	0.89	6.48	8.48	8.59	5.24	4.96	4.01	3.22	c	a	a	b	b	c	b	b	a	c	9.95	5.12	7.28	4.48	8.54	3.89	8.02	0.48	0.67	1.28	c	a	b	a	c	a	b	a	a	c	5.99	3.23	3.27	8.29	5.45	3.83	6.44	9.57	7.83	2.63	c	c	a	c	c	b	b	a	a	b
x27	1.71	8.62	6.11	2.46	0.32	4.28	7.28	9.55	4.95	0.49	c	c	b	a	a	b	c	a	c	c	3.34	6.08	2.83	6.46	5.74	0.19	4.24	1.98	6.49	1.1	b	b	c	a	a	b	a	c	c	a	3.34	5.52	2.83	2.76	6.77	2.4	8.78	5.61	6.19	1.46	c	b	b	a	a	c	a	c	a	b	5.81	2.57	7.07	4.18	6.72	8.23	6.27	0.94	2.14	2.9	c	c	b	b	c	b	c	a	b	a
x28	4.59	5.89	4.01	1.03	0.77	5.06	6.7	0.71	0.09	6.2	b	c	b	c	c	a	c	b	b	a	5.38	1.8	0.18	9.2	8.29	7.59	3.5	5.74	7.43	5.8	a	c	c	c	a	b	a	b	a	b	9.67	2.69	8.98	5.15	6.65	5.51	2.34	4.12	9	2.09	b	a	a	a	a	b	a	a	a	c	6.61	8.4	7.91	8.75	6.41	2.2	0.68	5.09	5.13	3.96	b	c	a	b	b	b	a	b	b	a
x29	2.25	3.54	8.24	7.28	8.68	7.15	3.32	6.86	7.36	4.46	b	a	a	c	c	a	c	b	c	c	3.84	4.14	5.12	1.86	6.33	2.89	4.12	4.86	4.17	8.54	b	c	b	b	b	a	a	a	b	a	6.01	8.33	4.27	4.93	4.88	2.16	1.87	4.97	4.64	6.11	c	c	b	c	c	b	a	a	a	a	6.62	1.39	7.96	0.11	7.22	6.64	9.34	3.81	3.57	8.89	a	b	c	c	c	b	a	b	b	b
x30	3.2	9.38	7.85	1.12	0.33	3.27	8.72	7.34	7.25	7.6	c	b	c	a	c	c	a	a	b	b	3.34	9.13	2.83	3.25	4.02	3.9	0.85	6.81	9.07	3.2	b	a	a	c	c	a	b	b	b	b	3.34	6.15	2.83	0.58	2.16	8.29	8.63	3.66	9.67	9.02	a	a	c	a	a	a	b	a	c	b	9.51	0.26	2.52	8.1	1.42	7.18	4.41	6.5	2.25	5.55	b	a	a	c	a	c	c	a	a	b
x31	2.02	9.64	7.79	8.59	9.32	7.38	5.1	7.94	1.88	4.71	b	a	c	a	c	b	b	c	c	c	8.13	6.47	8.34	6.29	2.16	6.58	0.31	0.11	8.56	4.56	a	b	b	c	b	c	c	c	c	a	3.17	2.95	8.25	4.06	5.61	7.31	1.18	4.76	8.09	2.5	b	a	a	c	b	a	a	a	c	c	1.92	7.88	2.69	7.71	9	0.59	2.18	9.26	6.73	1.73	c	b	a	b	a	c	a	a	c	c
x32	0.57	2.94	1.86	4.91	3.71	9.39	2.02	6.32	8.21	0.09	b	b	a	b	c	a	b	b	c	b	8.89	0.11	7.53	7.81	5.42	2.76	7.04	2.95	9.95	4.01	b	a	b	b	a	a	c	c	a	c	8.34	0.41	6.42	2.97	0.07	8.37	2.81	7.13	5.34	0.06	b	c	c	c	a	a	a	c	b	c	8.38	8.35	4.13	2.15	3.56	2.34	7.24	6.9	7.37	2.14	a	b	c	a	c	a	b	c	b	b
x33	0.74	2	4.63	8.41	2.73	7.73	4.5	1.28	1.44	3.37	c	c	a	b	b	a	a	b	c	c	6.29	2.58	7.99	9.96	5.62	1.49	5.24	3.51	2.79	4.22	a	a	c	c	b	a	b	c	b	b	8.58	1.24	2.85	0.35	6.86	1.85	8.25	9.32	3.47	9.91	c	c	b	b	b	b	a	b	b	b	8.39	3.68	9.1	0.12	8.63	7.71	6.08	6.42	8.93	9.7	c	c	b	b	b	b	c	b	c	a
x34	8.47	5.99	9.94	3.47	9.75	4.68	2.73	3.71	3.55	6.05	a	c	b	b	a	a	b	c	c	c	3.34	1.73	2.83	2.37	8.72	1.66	6.09	5.44	8.23	0.8	b	a	a	a	b	b	c	b	b	a	3.34	9.6	2.83	3.26	1.32	1.64	2.68	5.93	5.46	3.86	a	b	b	a	b	c	a	c	c	c	4.59	9.16	9.54	7.39	1.76	7.97	9.2	8.97	3.05	8.07	c	b	c	a	b	a	b	a	c	a
x35	5.73	0.96	2.35	6.92	4.99	2.14	5.4	5.43	6.49	0.82	c	b	b	c	c	a	b	b	a	c	1.36	1.67	4.55	8.32	6.3	1.92	2.77	4.1	9.99	4.27	b	b	b	b	a	c	b	c	c	c	0.88	7.3	9.64	7.8	6.06	2.96	3.54	6.6	0.07	3.34	a	b	c	a	a	c	c	a	a	c	1.73	8.41	9.5	8.58	5.62	9.46	4.86	1.6	4.51	5.7	a	a	b	b	a	b	c	b	c	b
x36	2.94	5.58	0.18	8.77	2.86	7.91	4.29	1.47	4.51	9.84	b	a	b	a	c	a	b	a	c	a	2.33	4.53	1	8.56	9.71	0.65	7.18	4.24	8.35	2.43	a	a	a	b	b	b	b	c	a	b	4.31	1.19	9.19	6.6	3.86	9.01	0.77	6.17	0.99	2.23	b	a	b	c	a	c	a	c	c	b	6.94	8.98	9.21	7.96	9.66	5.87	8.14	3.01	0.46	3.54	c	b	b	c	b	c	b	c	a	c
x37	2.91	0.53	2.56	4.97	2.12	4.59	8.2	5.45	6.95	1.26	a	c	c	b	a	b	c	c	c	a	1.92	9.23	4.63	5.73	6.87	4.15	5.2	0.45	2.73	4.24	c	b	c	b	a	b	c	c	c	c	9.08	9.01	5.42	9.69	5.92	5.05	5.91	5.75	3.28	1.1	a	b	c	a	a	b	c	c	c	c	0.34	5.87	5.68	9.16	4.02	2.79	6.39	9.05	5.78	1.31	c	b	c	b	b	c	b	a	b	b
x38	8.05	9.31	4.45	0.21	1.39	0.93	5.29	7.71	2.6	3.76	b	b	c	b	a	a	b	c	b	a	1.68	7.36	7.96	7.79	9.05	0.2	8.57	5.32	2.14	2.81	c	a	a	a	b	c	c	c	b	a	2.99	7.11	7.09	6.15	3.5	0.16	0.57	7.14	3.04	3.64	a	c	a	b	c	b	a	c	c	a	2.39	3.62	6.38	3.75	3.03	8.53	8.14	5.16	8.78	8.7	a	b	b	c	c	c	a	c	c	a
x39	1.14	6.96	5.92	4.29	5.8	5.76	4.34	6.33	1.09	4.93	a	c	b	c	b	a	b	c	a	c	3.04	6.27	5.9	6.83	5.04	0.62	9.59	7.35	0.81	7.63	b	c	c	c	a	c	a	a	a	a	7.91	6.9	4.22	3.57	3.11	3.74	3.54	4.72	6.26	4.21	c	c	a	b	c	b	a	a	b	a	9.86	1.96	7.65	9.03	2.28	6.88	0.61	3.12	9.8	2.86	b	c	b	c	b	a	b	c	c	a
x40	3.76	9.83	9.66	8.25	8.63	5.35	3.24	5.12	3.85	1.27	b	c	b	c	b	c	b	b	c	c	1.87	5.99	4.2	6.08	9.12	6.49	1.34	4.54	4.63	9.46	a	b	a	a	b	c	c	a	a	b	7.58	4.82	6.45	5.26	1.23	2.46	8.56	7.59	6.87	2.68	a	c	a	a	a	c	c	c	c	b	3.04	2.06	9.97	5.39	7.15	3.23	1.42	1.89	0.05	0.36	a	a	b	a	c	b	c	c	a	b
x41	8.76	8.6	5.99	1.22	2.12	6.02	2.93	3.1	1.7	3.61	a	a	b	b	c	a	a	a	a	c	3.34	0.66	2.83	7.41	3.91	2.78	6.89	9.58	7.63	0.28	c	a	b	c	a	c	a	c	c	b	3.34	6.14	2.83	7.42	6.38	8.93	1.36	5.63	7.11	8.97	c	b	c	c	c	c	b	b	a	b	6.72	4.59	4.64	4.16	9.29	0.4	9.03	4.05	2.01	8.56	a	c	a	a	b	b	c	c	b	b
x42	7.02	6.58	9.47	0.35	7.96	9.4	3.26	5	2.97	0.87	a	b	b	a	c	c	c	c	b	c	9.87	2.65	5.33	1.19	0.36	4.58	5.59	0.97	8.98	3.73	c	a	b	a	b	c	b	b	b	c	8.77	7.57	8.69	9.8	8.59	7.03	6.99	3.54	8.24	6.08	c	b	c	c	c	a	c	c	c	a	7.34	2.6	9.7	3.62	7.24	9.31	3.64	5.92	5.29	3.02	b	c	b	c	c	a	a	c	b	c
x43	2.6	6.14	8	0.66	6.26	2.05	1.86	8.59	0.17	7.82	a	c	c	b	b	c	a	c	c	b	8.99	1.8	7.41	8.96	6.68	0.7	6.5	5.55	4.03	0.3	a	a	a	a	a	b	c	b	b	c	6.06	5.2	5.82	5.53	6.52	2.31	8.45	0.06	3.26	3.88	c	b	a	c	c	c	c	c	a	b	5.31	0.43	7.37	6.79	7.96	4.45	0.08	2.81	2.66	2.11	c	b	a	a	a	b	b	c	c	b
x44	0.74	6.97	5.72	1.08	4.85	3.32	6.57	8.27	0.48	6.67	b	a	a	c	c	b	a	a	b	c	3.34	9.46	2.83	4.5	6.45	1.68	4.08	8.42	1.96	0.63	b	b	a	c	b	b	a	a	b	a	3.34	7.41	2.83	9	2.26	7.31	6.31	2.82	8.49	6.67	b	c	b	c	a	a	c	b	b	c	3.9	2.9	0.97	0.51	7.81	6.81	7.02	9.72	5.07	4.31	c	c	a	a	b	c	b	c	a	c
x45	7.74	4.94	3.58	4.75	9.8	1.86	8.61	9.62	6.39	4.25	c	a	b	b	b	c	b	c	b	b	5.59	4.86	8.5	6	1.39	5.96	0.5	2.61	3.41	2.14	c	c	c	a	a	b	a	a	a	a	6	5.97	3.08	7.01	2.05	6.56	5.61	3.59	6.75	1.88	a	c	b	c	a	a	a	a	a	a	4.53	3.87	9.59	8.55	0.98	6.75	5.42	4.88	0.01	6.35	c	b	c	b	a	b	a	a	c	b
x46	8.78	5.12	8.29	1.01	1.73	2.69	2.41	3.82	5.94	2.23	c	b	c	b	a	c	b	a	b	c	6.52	2.11	9.88	8.64	9.39	2.7	4.23	9.38	7.3	4.2	c	c	b	b	c	c	a	a	c	a	1.13	8.28	3.7	4.35	9.44	2.11	7.83	4.11	4.57	6.79	c	c	a	b	c	c	a	a	a	a	6.23	9.66	5.33	9.52	6.1	8.63	4.41	7.68	1.94	8.97	a	c	c	c	c	c	a	b	a	c
x47	7.51	8.7	1.67	8.7	9.97	8.7	9.67	6.13	8.3	8.95	b	a	c	a	a	c	b	c	b	b	8.14	7.62	0.35	7.62	1.75	7.62	1.68	2.33	4.65	3.18	b	a	b	c	a	a	a	c	a	b	9.9	9.32	6.65	0.48	2.66	3	9.21	3.03	4.24	2.52	a	c	c	a	b	a	a	a	a	c	1.7	3.16	1.18	0.17	6.86	0.05	2.82	2.42	6.61	8.93	a	a	b	b	a	c	a	a	a	b
x48	4.26	2.59	1.81	6.07	7.74	0.13	1.78	0.82	1.24	7.88	a	b	a	a	c	a	b	b	c	a	7.99	6.56	2.79	5.33	3.05	4.11	2.3	5.44	7.88	9	c	b	c	a	c	b	a	c	b	c	2.48	4.72	2.05	7.48	8.2	5.17	5.68	7.45	6.71	2.23	b	a	b	a	c	c	c	c	b	b	7.08	0.11	9.82	0.6	5.74	9.33	0.09	4.94	4.49	8.28	b	c	a	c	b	a	b	c	a	c
x49	1.72	8.7	1.67	8.7	7.14	8.7	0.69	5.52	3.81	6.37	b	b	a	b	a	b	b	a	c	b	6.77	7.62	6.79	7.62	3.73	7.62	5.98	5.07	0.77	7.93	b	c	b	b	a	a	a	c	b	b	6.9	0.14	4.43	7.64	8.31	0.38	4.18	6.82	8.3	4.74	a	c	a	b	a	b	b	a	a	c	7.05	4.43	4.15	5.11	5.09	7.64	9.28	8.19	3.97	7.72	c	a	c	a	b	c	b	b	c	b
x50	1.94	1.38	3.74	4.03	1.05	1.68	7.44	2.01	7.23	8.94	c	a	c	a	a	c	c	a	a	a	0.22	8.57	2.19	7.32	2.09	5.61	9.2	1.94	4.63	6.44	c	c	b	b	c	a	b	a	c	a	8.4	5.37	5.26	8.12	8.45	1.93	6.56	5.79	0.73	0.57	c	a	c	c	c	b	c	c	a	a	1.8	0.31	0.02	4.91	5.38	0.39	8.01	5.32	4.95	9.61	a	c	b	c	b	b	b	a	b	a
x51	7.18	8.82	2.19	3.42	7.29	5.62	4.01	5.33	0.45	5.24	a	c	b	c	a	c	c	b	c	b	9.44	3.27	2.75	0.79	8.39	8.77	8.14	8.87	4.13	0.16	a	c	c	c	b	c	b	c	a	a	3.18	0.53	7.16	1.99	4.57	6.93	5	1.55	2.85	4.62	c	a	b	b	b	b	b	c	b	a	8.77	9.07	5.8	2.18	7.5	0.43	9.44	1.35	9.81	5.15	c	a	c	c	a	c	c	a	c	a
x52	8.47	8.7	9.58	8.7	7.79	8.7	7.61	6.48	9.14	7.63	b	a	b	c	a	b	a	a	c	b	9.58	7.62	5.28	7.62	4.22	7.62	5.41	9.13	3.82	4.74	b	a	b	c	a	a	a	c	a	b	5.27	3.99	2.42	2.4	0.77	1.14	8.24	1.36	9.27	7.56	c	b	a	b	a	c	a	c	c	c	3.7	0.49	9.31	2.53	0.76	4.49	6.27	4.71	7.18	9.16	b	c	c	b	b	a	b	a	c	b
x53	0.66	8.76	6.49	0.95	1	2.45	8.12	3.1	1.82	6.95	b	a	a	b	b	a	a	b	a	b	3.34	3.31	2.83	6.84	2.87	1.12	6.74	2.41	3.5	7.75	b	c	a	a	b	c	b	b	a	b	3.34	5.99	2.83	7.9	4.29	1.67	1.14	6.57	0.65	0.03	b	b	a	a	c	a	b	a	c	b	8.66	0.19	2.05	6.54	9.33	4.92	4.07	9.09	1.69	0.09	a	a	b	c	b	c	a	c	a	c
x54	9.09	3.82	6.32	8.38	5.85	4.06	8.74	1.94	9.59	4.79	a	b	c	a	c	a	a	a	a	c	8.48	7.1	7.34	5.8	3.07	7.1	6.05	6.51	1.07	4.36	a	c	a	a	c	c	a	a	c	b	4.3	9.48	6.44	7.74	1.26	6.43	8.85	6.08	0.48	7	b	c	b	a	b	b	b	b	c	a	8.94	0.55	4.97	5.59	3.35	1.94	2.55	6.01	6.52	3.67	b	a	a	a	a	b	c	b	c	a
x55	4.34	2.66	4.7	0.47	2.84	8.11	7.63	1	2.09	1.53	b	a	a	c	c	a	c	b	b	b	3.34	1.66	2.83	1.09	1.88	9.18	0.77	6.53	6.56	8.4	c	a	c	b	a	c	a	c	c	a	3.34	3.44	2.83	8.14	9.55	2.1	9.03	4.56	7.24	3.18	c	a	b	a	a	c	b	b	a	b	8.97	8.79	9.77	7.73	6.93	8.01	0.74	4.36	9.49	5.73	a	a	c	a	b	c	c	b	b	a
x56	0.96	4.72	6.47	0.54	6.76	9.75	2.44	1.82	5.79	4.57	a	c	b	c	a	b	a	a	b	b	3.52	0.3	9.46	8.83	5.7	0.77	3.89	6.14	8.44	4.52	a	c	b	c	a	a	c	a	b	b	9.11	3.59	3.72	5.62	5.59	4.24	0.08	3.66	4.03	2.08	a	a	a	b	a	a	b	b	b	b	7.01	4.93	9.37	5.6	0.67	5.79	3.8	7.38	4.73	2.82	c	c	b	b	a	a	a	a	a	c
x57	9.38	1.23	6.15	3.5	0.67	4.72	2.4	9.93	7.7	0.17	c	b	c	a	b	c	c	a	c	a	7.23	6.57	3.41	0.87	7.91	6.67	3.44	8.81	6.28	0.71	c	b	b	a	a	b	c	b	c	c	7.21	1.78	1.36	2.79	8.64	8.03	3.07	1.43	2.25	0.87	a	c	a	b	b	b	a	c	c	a	4.66	5.24	6.09	0.04	8.2	6.08	6.76	1.33	0.84	9.13	b	a	b	a	b	a	a	a	b	a
x58	5.37	7.1	8.74	0.41	8.51	9.08	8.21	3.2	1.22	0.39	a	b	c	c	b	c	c	c	b	a	4.58	7.92	1.9	9.08	6.34	8	0.5	0.39	1.03	8.59	a	b	c	a	c	c	b	b	c	b	0.21	4.06	6.29	5.76	2.58	3.25	5.76	7.32	5.95	1.69	b	c	c	b	b	b	c	c	b	c	8.51	8	8.66	0.32	3.83	1.92	3.31	5.79	2.46	4.51	c	a	b	a	c	a	b	b	a	c
x59	8.82	8.7	3.14	8.7	2.77	8.7	3.75	9.92	9.35	1.98	b	a	a	b	a	a	b	c	c	b	5.39	7.62	4.01	7.62	3.96	7.62	6.34	3.82	7.71	9.31	b	c	b	a	a	a	a	a	a	b	6.11	5.06	4.68	7.3	8.01	4.83	9.83	2.44	5.69	7.46	a	c	b	b	c	a	a	c	b	a	9.04	8.76	0.52	7.72	7.92	6.36	1.11	6.17	9.62	2.01	b	a	b	b	a	c	b	a	a	a
x60	1.49	6.95	6.03	3.87	6.64	0.88	4.14	0.68	9.89	1.11	c	c	c	b	b	c	a	b	a	a	3.34	3.32	2.83	8.88	9.34	1.69	0.23	8.85	6.62	2.06	a	a	a	a	a	c	a	c	b	b	3.34	6.09	2.83	4.85	9.58	5.9	7.58	1.14	8.48	7.26	c	a	b	b	b	a	a	c	b	b	1.4	9.88	3.11	8.92	2.54	6.35	0.48	8.2	3.74	9.83	c	a	c	a	b	c	c	c	b	b
x61	4.82	2.14	1.5	5.01	1.14	3.12	1.74	5.22	5.76	4.37	b	a	a	a	a	b	a	c	b	b	2.18	1.81	0.98	8.23	8	1.22	6.85	5.5	3.42	7.14	a	b	c	b	a	a	a	a	a	b	1.39	0.18	4.74	3.21	3.76	4.18	6.37	9.5	8.16	2.52	b	c	c	c	c	c	a	b	b	a	7.49	7.71	1.69	4.98	3.29	2.56	0.54	8.43	5.4	9.27	b	a	b	c	a	a	b	c	c	a
x62	3.39	8.7	0.14	8.7	0.14	8.7	7.63	8.12	4.3	8.75	b	a	b	b	a	c	b	a	a	b	6.41	7.62	8.09	7.62	9.73	7.62	0.52	7.54	4.43	1.39	b	b	b	b	a	b	b	a	a	b	8.73	0.46	2.08	5.64	3.08	5.5	8.35	6	9.52	4.01	c	c	c	c	a	a	a	b	a	a	8.89	5.5	4.41	6.4	3.91	9.19	1	9.09	4.73	6.53	a	b	c	a	c	a	b	b	c	b
x63	7.32	3.78	8.34	5.93	6.86	3.87	1.07	8.32	5.35	3.8	b	a	a	a	a	c	a	b	b	c	0.97	9.9	8.94	0.35	9.31	8.59	2.42	0.23	6.16	5	b	c	a	a	a	a	c	b	b	b	7.78	8.87	3.9	4.5	9.98	3.44	4.6	6.75	8.31	0.05	c	c	c	c	c	a	a	a	c	b	3.82	9.21	1.07	2.98	3.31	3.21	7.94	6.24	6.97	7.81	c	c	c	a	b	a	b	a	c	a
x64	0.52	4.05	0.73	9.17	9.91	3.83	7.03	4.48	5.65	9.8	c	a	a	c	b	c	c	a	c	c	3.34	8.22	2.83	4.76	6.8	4.33	9.11	7.5	7.87	9.24	a	c	a	b	b	b	b	c	c	c	3.34	6.43	2.83	4.27	8.61	1.78	6.19	3.77	1.96	1.46	b	c	a	b	b	a	b	c	c	a	2.14	1.62	9.16	7	3.93	1.2	4.14	8.91	7.03	2.12	b	a	b	c	b	b	a	c	b	b
x65	9.01	4.82	0.48	5.26	0.7	6.59	8.49	5.44	6.13	5.5	a	c	c	c	c	a	a	a	c	b	3.34	5.22	2.83	9.83	0.68	2.88	4.03	0.1	1.72	1.56	a	b	b	b	b	c	a	a	b	c	3.34	8.15	2.83	8.53	2.43	2.06	0.77	8.67	5.89	2.33	c	a	a	b	a	b	c	b	b	c	5.86	9.82	9.23	9.39	6.6	9.11	7.25	7.31	6.9	4.25	c	a	a	c	c	a	c	a	b	b
x66	1.2	6.49	7.9	1.46	3.32	4.43	8.21	5.65	6.46	3.09	b	a	c	a	b	c	a	a	b	a	3.01	1.27	2.06	1.71	9.94	4.21	9.17	5.36	8.09	4.45	b	c	a	a	c	b	a	a	b	b	4.99	3.9	0.82	9.18	9.13	0.37	7.55	2.91	1.72	5.81	b	b	a	a	a	b	a	a	c	c	9.46	0.39	0.91	8.85	8.05	1.65	3.11	6.94	7.88	5.26	a	b	a	c	c	c	b	b	c	c
x67	3.77	1.03	1.72	1.41	1.69	8.25	1.25	5.33	6.63	6.4	a	a	b	c	c	c	b	c	a	c	5.29	5.85	0.4	4.67	0.23	1.87	3.06	7.38	7.38	4.75	b	b	a	c	b	a	b	c	a	b	1.26	4.01	6.88	0.71	1.2	9.82	1.32	7.14	8.82	8.13	a	c	a	c	a	b	b	a	c	a	0.76	7.43	8.57	0.27	2.29	9.83	3.34	4.03	2.8	5.78	c	b	b	a	b	c	b	a	a	b
x68	4.92	4.36	9.97	3.68	3.31	3.54	9.67	5.43	3.17	9.68	a	c	c	c	b	b	b	a	b	b	3.34	5.9	2.83	1.4	6.89	7.58	3.77	2.09	9.02	3.3	b	c	c	c	a	a	a	a	a	a	3.34	6.22	2.83	8.41	5.55	6.03	3.94	6.2	2.7	6.5	a	c	c	c	a	a	a	a	b	a	9.76	3.4	1.82	2.43	4.97	5.55	3.13	2.11	4.28	4.19	a	a	b	b	c	b	c	b	c	b
x69	1.85	0.81	8.14	0.82	0.06	5.37	6.4	5.87	0.98	3.06	b	b	a	b	a	c	a	c	a	b	9.6	7.54	1.02	0.46	4.52	4.18	4.73	7.24	0.17	3.23	b	b	a	c	b	a	a	b	b	a	6.98	9.28	5.32	0.01	6.03	3.07	4.28	6.62	0.77	0.86	b	b	a	c	b	a	a	b	c	c	4.34	1.24	5.31	4.75	7.42	5.08	8.25	4.13	3.16	6.15	c	c	b	b	c	b	a	a	a	c
x70	0.94	8.4	5.18	0.93	5.09	9.36	2.92	9.3	9.77	9.1	c	c	c	a	a	a	c	b	b	a	5.63	7.77	1.88	4.98	4.22	7.39	7.06	4.4	6.6	1.84	c	b	c	c	b	a	c	a	a	c	6.76	2.61	0.45	1.84	8.81	0.93	4.74	2.8	7.01	8.19	c	b	b	c	a	a	a	a	a	b	1.73	2.29	7.81	0.21	2.93	1.17	3.98	5.63	8.04	7.84	b	a	c	b	a	c	b	a	c	c
x71	3.04	6.53	4.28	7.2	7.28	0.48	4.68	4.47	5.53	8.76	b	a	c	c	a	b	b	a	b	b	3.3	5.14	7.94	0.67	3.58	8.08	4.56	4.44	9.34	1.58	a	b	b	a	c	c	b	b	c	a	8.09	1.25	1.18	9.41	2.04	2.4	9.32	9.98	9.95	0.66	c	a	b	a	b	a	b	c	c	c	8.84	2.81	8.15	0.46	1.7	1.18	3.05	4.08	7.38	9.56	c	c	b	c	a	c	b	c	a	a
x72	1.97	5.9	1.65	2.54	7.46	2.99	8.97	0.44	4.73	0.11	b	b	c	c	a	b	b	a	a	b	9.7	7.81	5.76	0.81	1	1.92	8.55	1.55	1.92	7.81	c	c	b	b	b	a	c	b	b	a	5.87	0.92	5.35	1.95	2.87	2.44	4.78	5.28	3.76	4.63	b	c	c	a	a	a	b	b	a	b	2.53	0.39	2.15	7.71	7.16	4.47	6.43	4.58	5.86	3.89	b	c	b	a	a	c	b	c	b	c
x73	1.13	3.21	0.34	0.03	9.23	0.59	9.05	0.63	9.67	7.74	b	b	b	b	a	a	b	a	c	b	6.4	5.05	7.86	2.28	1.05	6.49	3.65	9.63	2.33	1.04	c	c	a	b	c	b	a	a	b	a	4.41	1.53	5.72	4.03	3.55	1.67	0.3	9.42	3.64	9.23	c	c	b	c	b	c	a	a	c	a	5.49	2.46	9.68	5.42	8.83	5.36	8.08	8.42	5.38	4.62	c	b	c	b	a	a	c	a	b	a
x74	1.25	6.47	4.67	1.78	9.28	4.67	4.72	2.48	4.34	0.15	a	a	a	a	b	a	c	c	c	c	7.28	9.91	9.92	4.41	5.55	8.74	3.3	5.45	6.94	8.43	c	b	a	a	a	c	a	a	c	c	7.05	8.45	4.76	6.37	2.54	0.21	8.54	8.59	2.1	3.82	c	a	b	a	b	a	b	b	b	b	5	8.13	9.33	5.55	3.93	2.64	5.75	2.53	5.76	4.49	b	c	a	c	c	b	c	c	a	a
x75	3.32	2.28	5.32	7.14	5.5	0.29	6.13	8.4	2.64	4.12	c	a	c	a	c	c	c	a	a	b	5.17	7.13	5.37	9.9	4.39	8.88	9.52	3.57	6.41	4.82	c	c	b	b	a	a	a	a	c	a	3.24	6.84	6.03	0.58	8.25	8	6.39	3.24	9.05	8.46	a	c	b	b	a	a	a	a	b	a	5.22	4.21	5.15	5.5	6.81	0.35	5.1	3.79	4.42	0.66	c	b	b	c	c	c	b	a	c	a
x76	3.31	5.24	8.28	5.47	1.75	2.13	0.22	8.7	0.2	4.87	a	b	b	b	a	b	a	c	a	a	3.34	7.9	2.83	1.72	3.27	6.91	4.9	8.57	8.96	4.75	a	c	a	c	b	c	a	a	c	a	3.34	7.05	2.83	1.84	0.56	2.67	8.48	4.04	6.68	4.16	b	c	c	c	b	a	a	a	b	a	2.68	8.95	0.28	4.85	1.42	1.55	3.58	6.32	6.53	1.4	b	a	b	b	a	b	b	c	a	b
x77	1	0.04	8.96	6.08	5.48	6.48	0.12	1.87	4.04	3.93	c	c	b	b	b	c	a	c	c	a	5.44	2.62	8.49	6.2	3.7	7.82	3.86	3.89	7.88	9.97	a	a	a	b	b	a	a	b	c	b	7.94	7.21	2.34	7.74	5.23	2.25	6	3.44	9.94	7.73	c	c	b	c	c	a	b	c	b	a	0.16	9.94	1.97	6.06	8.57	0.45	9.29	1.65	2.21	4.76	a	b	b	a	c	b	a	b	b	c
x78	0.17	2.46	2.99	8.15	3.85	3.82	6.54	4.35	0.01	9.23	b	b	a	c	a	b	a	c	a	c	5.82	6.01	1.12	4.27	1.98	8.79	6.67	7.75	5.3	5.22	b	c	c	b	c	c	a	a	a	a	1.85	8.16	0.39	5.81	4.23	7.84	8.07	1.74	8.92	1.12	b	c	c	c	a	a	a	a	c	a	7.69	0.3	8.73	1.29	6.87	0.63	4.9	2.57	7.77	8.79	b	b	c	a	c	b	c	a	a	c
x79	5.73	9.71	4.41	5.48	8.86	8.93	3.94	6.7	3.97	0.9	b	a	c	c	c	a	a	b	c	b	3.34	1.22	2.83	4.36	5.16	2.61	5.9	9.34	2.11	2.28	c	c	c	c	a	c	a	a	c	a	3.34	9.06	2.83	5.57	6	8.16	9.39	4.32	3.19	7.73	a	c	b	a	a	b	a	a	b	a	8.9	1.59	5.44	1.72	6.16	9.47	3.4	3.72	6.12	9.36	a	c	b	b	b	a	c	b	b	a
x80	0.02	8.81	3.86	5.82	3.8	8.77	7.13	2.16	2.59	0.07	b	a	b	c	c	c	a	c	b	a	8.74	6.74	0.53	0.31	4	5.4	5.16	4.35	2.48	9.41	a	b	c	a	a	b	a	c	b	b	0.13	8.21	2.53	8.68	0.98	4.5	4.36	4.72	9.34	2.02	c	b	b	a	a	b	a	a	c	c	1.9	5.03	0.15	8.7	0.43	5.55	1.06	8.69	0.62	1.88	a	c	c	c	c	b	b	b	a	b
x81	6.13	8.7	1.63	8.7	8.39	8.7	7.58	6.48	6.71	0.47	b	c	b	b	a	b	c	b	b	b	4.13	7.62	1.93	7.62	8.56	7.62	2.26	3.02	0.17	3.94	b	a	c	b	a	a	c	b	c	b	3.26	7.37	6.06	3.54	3.23	8.57	2.67	9.51	5.65	9.27	c	b	a	a	a	a	b	b	a	c	5.51	6.34	7.8	5.59	3.41	9.08	6.95	2.77	1.73	0.67	a	c	c	b	a	c	a	a	b	a
x82	1.28	8.7	4.87	8.7	8.19	8.7	9.16	5.8	5.31	0.87	b	c	b	a	a	c	a	a	b	b	8.59	7.62	5.94	7.62	5.2	7.62	1.61	4.7	4.86	6.75	b	a	b	b	a	c	a	b	c	b	4.5	8.65	1.12	9.56	5.06	2.51	4.73	1.25	6.86	6.08	a	b	a	b	b	a	c	a	a	b	3.51	0.35	0.3	9.8	1.58	7.37	1.8	7.69	3.69	1.2	b	a	a	b	b	a	a	a	c	c
x83	3.36	9.99	7.02	0.63	0.01	5.22	5.39	4.24	1.56	9.66	a	c	a	b	b	c	c	a	c	a	9.32	2.39	0.4	6.07	1.44	3.72	3.19	8.71	7.99	0.69	a	a	c	b	c	c	b	a	a	a	3.04	4.86	7.77	1.79	5.97	7.59	4.99	8.37	4.8	5.7	a	c	b	a	b	c	b	c	b	c	7.8	4.79	8.99	0.31	9.73	3.54	4.05	6.02	1.92	2.85	b	c	a	b	c	b	a	b	a	a
x84	3.31	9.92	1.64	5.51	4.74	9.63	2.27	8.82	0.74	3.04	b	c	c	a	c	a	a	c	c	a	5.35	4.48	2.05	8.63	8	6.05	3.44	2.58	7	1.02	c	c	a	c	b	c	a	a	b	a	1.85	3.48	2.89	8.53	4.59	3.83	1.58	7.77	2.06	6.74	c	c	a	b	c	c	a	a	a	a	4.32	8.82	1.21	8.27	8.17	2.8	4.85	9	9.53	6.45	b	b	a	c	c	c	a	c	a	a
x85	0.12	2.89	7.32	0.46	7.93	2.1	6.94	8.51	5.29	2.78	c	c	b	b	b	a	b	c	a	a	9.75	3.26	6.48	9.72	1.47	2.56	0.73	8.55	2.06	2.73	b	c	a	a	b	c	a	c	b	a	6.41	7.71	0.72	6.3	5.75	8.71	6.27	9.01	9.21	6.68	b	c	c	b	c	c	a	a	c	c	7.94	3.16	8.12	5.25	3.58	3.06	7.93	8.34	6.97	4.02	a	b	b	a	c	a	b	c	c	b
x86	2.81	7.51	5.35	6.72	7.78	0.48	6.49	9.56	9.78	3.07	a	c	b	a	a	a	a	c	a	b	9.53	2.17	5.69	9.96	1.5	1.4	2.66	5.46	9.24	8.63	c	a	b	c	c	a	c	a	a	a	2.59	1.58	9.22	0.62	1.86	4.51	7.8	8.39	4.59	0.66	a	c	a	a	c	c	c	a	a	a	4.74	9.46	9.84	2.63	3.19	6.29	9.65	1.26	9.33	2.39	b	a	a	b	b	c	a	b	c	b
x87	1.3	2.19	7.33	0.08	5.28	2.27	3.3	1.35	5.27	7.83	a	a	c	a	c	b	b	c	c	b	7.55	2.12	1.56	0.6	5.68	4.73	0.3	8.99	9.37	6.55	b	a	a	a	c	b	b	c	a	a	5.19	5.08	1.48	9.29	4.21	7.71	5.03	4.21	8.81	4.44	a	c	b	c	c	c	c	b	b	c	1.34	8.21	0.55	9.03	8.87	0.37	9.54	4.75	6.69	7.65	b	c	c	c	c	c	c	a	b	b
x88	8.68	8.7	3.46	8.7	7.85	8.7	2.58	2.44	5.59	5.89	b	c	a	c	a	a	b	b	a	b	1.66	7.62	9.7	7.62	2.53	7.62	8.7	8.82	2.23	8.31	b	a	c	c	a	b	a	b	a	b	0.53	5.2	9.34	1.78	7.15	8.45	1.29	5.4	8.12	7.64	a	b	b	b	a	b	a	b	b	c	6.84	8.56	4.04	4.45	9.54	5.79	5.53	5.96	4.28	0.52	a	b	c	c	a	c	b	a	a	a
x89	3.3	7.18	5.48	8.81	6.15	7.72	9.38	0.52	4.07	8.19	c	b	a	c	c	c	b	b	c	a	3.34	8.72	2.83	7.29	1.98	9.24	6.57	5.71	8.66	0.95	b	b	c	c	b	a	c	b	b	b	3.34	1.86	2.83	6.28	2.05	7.06	7.67	2.61	0.29	0.76	c	b	a	a	a	c	a	c	c	a	7.83	8.94	9.68	8.16	9.14	3.1	2.94	8.92	8.18	5.98	a	c	b	c	b	a	b	c	b	c
x90	4.23	7.32	2.26	4.74	4	7.67	8.62	4.6	0.88	0.57	a	a	a	c	a	a	a	b	c	b	5.09	2.42	0.78	9.77	2.83	7.31	2.46	6.79	6.68	3.22	a	a	b	a	b	a	c	c	b	c	2.9	7.71	1.57	1.88	3.2	3.67	7.32	6.12	5.95	0.33	a	a	a	c	b	c	b	a	a	a	7.98	2.31	2.53	3.72	4.66	6.19	0.53	0.76	9.2	6.45	a	b	c	a	b	a	c	a	c	c
x91	4.4	1.81	3.58	0.06	6.48	0.66	9.1	1.45	0.34	0.03	c	a	a	b	c	c	a	c	a	c	9.04	2.96	1.45	1.42	1.26	6.4	3.51	5.33	8.56	0.37	b	c	b	a	b	c	a	c	a	a	4.57	5.87	5.96	9.79	9.92	2.53	3.33	6.15	4.33	0.65	c	b	c	c	c	c	a	c	b	a	8.46	6.48	5.27	1.4	7.47	3.77	7.64	0.78	5.52	6.14	a	a	c	c	c	a	a	c	a	c
x92	8.92	3.93	6.73	2.81	7.47	5.34	4.84	1.61	7.26	9.82	a	a	c	b	a	a	a	a	c	b	6.07	4.59	5.75	6.27	8.68	2.96	3.12	9	1.45	3.53	c	c	b	b	c	b	a	a	c	a	2.5	8.44	9.75	5.11	8.94	6.4	2.89	5.69	7.27	9.37	a	c	b	b	c	b	a	a	c	a	3.59	8.7	5.17	3.63	8.42	1.39	1.51	8.99	9.19	0.78	c	b	c	a	a	b	b	a	c	c
x93	5.63	6.6	3.84	2.83	3.16	6.73	1.31	7.68	1.26	8.75	a	a	b	b	a	c	a	b	a	b	6	3.79	3.87	3.11	8.37	2.55	9.75	6.35	7.35	9.34	a	c	b	b	b	c	a	c	b	b	2.84	3.41	2.86	7.57	5.82	3.83	0.35	4.96	0.67	4.3	b	c	a	a	c	a	c	c	a	b	7.41	0.59	2.48	3.71	7.99	8.72	2.04	7.96	3.62	8.89	c	a	b	b	b	a	b	b	b	c
x94	4.25	5.3	2.97	5.48	8.79	8.51	3.41	2.69	2.58	2.18	b	c	c	a	a	c	a	c	a	b	6.94	2.88	0.2	7.11	5.58	1.29	3.24	0.26	1.42	2.33	b	a	b	b	a	b	a	c	c	c	7.59	3.36	1.53	0.29	2.12	3.02	0.23	2.08	4.06	7.22	c	a	a	a	b	a	c	a	b	c	3.09	9.87	4.52	4.06	8.88	4.11	3.01	6.56	8.37	6.17	c	a	c	b	b	b	a	b	c	b
x95	3.32	7.72	6.94	0.52	8.26	0.94	1.63	0.69	5.23	4.09	c	c	c	a	a	b	c	c	a	a	3.61	8.53	8.8	7.14	0.41	8.11	0.94	6.44	7.95	8.22	a	a	b	a	a	c	a	a	a	b	0.44	0.1	1.79	7.56	1.29	7.48	0.89	7.08	4.62	7.14	b	a	c	b	c	c	a	b	a	c	4.8	0.28	3.37	0.79	3.9	2.38	5.21	3.92	6.69	3.08	a	b	a	b	a	c	c	a	b	c
x96	0.28	5.26	5.81	9.97	7.43	7.25	4.34	8.87	6.12	7.96	b	c	b	c	c	c	a	c	a	a	3.34	4.47	2.83	4.41	8.58	1.3	1.8	3.68	7.65	4.9	c	b	a	b	a	c	c	a	b	c	3.34	1.68	2.83	3.37	0.26	3.88	6.45	8.29	5.47	8.45	c	c	b	b	b	a	b	c	b	c	7.1	7	6.4	8.26	3.21	0.92	6.77	7.61	0.94	1.12	c	b	b	b	a	a	c	c	b	b
x97	4.32	8.7	9.42	8.7	7.99	8.7	9.38	2.23	6.49	8.78	b	a	c	c	a	a	c	c	c	b	8.21	7.62	3.71	7.62	9.75	7.62	5.77	6.58	9.42	0.85	b	a	b	a	a	b	c	c	a	b	5.51	7.13	3.5	6.73	4.06	5.63	0.21	5.18	8.05	6.16	a	c	c	c	b	a	c	c	a	a	2.65	2.09	0.83	4.03	2.99	4.91	6.46	3.3	7.74	7.39	c	c	a	b	b	a	c	a	a	b
x98	7.99	2.43	3.17	1.07	3.9	5.91	9.67	1.79	3.92	7.85	a	a	a	b	a	b	b	b	b	c	6.15	9.01	0.88	8.93	6.82	7.69	5.55	2.74	8.18	3.33	b	c	c	b	b	a	a	b	a	b	7.89	8.21	6.13	2.46	8.4	7.78	3.26	7.52	2.13	3.57	a	a	b	b	a	b	a	c	c	a	5.91	5.97	4.77	5.67	1.37	7.69	4.05	1.54	3.74	5.33	c	a	b	c	a	b	a	a	c	b
x99	3.54	8.7	1.58	8.7	4.49	8.7	4.49	8.53	2.24	5.71	b	c	b	b	a	c	c	a	c	b	0.02	7.62	3.07	7.62	8.22	7.62	1.39	2.7	9.54	3.55	b	c	c	b	a	a	c	c	a	b	1.87	2.43	8.66	6.27	8.62	2.13	9.97	4.37	6.06	2.78	a	a	a	b	c	c	b	b	c	c	9.19	6.92	4.7	7.97	2.4	1.05	3.85	8.14	5.48	4.7	c	b	a	c	a	a	b	a	b	b
x100	9.86	8.72	2.58	4.59	9.96	2.38	2.43	3.82	5.09	9.84	b	a	c	a	a	c	b	b	a	c	5.73	0.27	6.81	7.22	5.29	1.8	0.18	6.09	7.37	2.46	c	b	b	b	c	b	c	c	b	c	8.88	2.98	7.27	9.7	7.97	9.52	7.32	8.11	3.14	4.02	c	c	b	c	c	c	b	a	a	a	4.57	0.18	5.24	2.83	3.6	2.36	5.49	2.84	8.69	8.89	b	c	b	a	a	a	c	a	b	a
x101	1.43	8.09	9.82	0.31	1.35	9.8	0.9	5.43	9.6	9.82	a	a	b	b	a	a	a	a	c	b	9.65	6.87	0.49	6.34	3.57	7.89	6.66	5.59	1.6	7.73	c	c	a	c	a	b	c	a	b	b	6.92	4.87	1.83	6.19	6.53	9.16	1.62	3.57	9.45	4.9	b	c	a	c	c	c	b	c	a	b	6.8	5.55	4.03	2	3.15	1.51	7.54	9.71	1.76	2.09	b	b	b	c	c	c	c	a	a	c
x102	2.17	5.85	2.5	0.22	5.58	8.45	2.54	4.26	6.54	7.11	b	a	a	b	b	c	c	a	b	b	5.14	3.85	2.28	1	1.81	7.36	9.45	1.42	5.1	3.23	a	a	a	c	b	b	c	c	c	b	4.52	6.44	7.59	7.11	7.25	9.25	6.8	5.77	0.79	2.41	b	c	a	b	b	b	a	b	a	c	5	7.79	9.09	4.4	6.52	1.3	6.97	5.22	6.74	9.04	b	b	c	b	b	c	a	b	b	b
x103	3.87	6.05	2.16	2.09	1.58	5.74	6.24	5.3	7.15	9.69	a	b	b	a	c	b	c	b	c	b	7.53	1.34	1.04	4.7	2.97	7.84	7.26	1	7.44	0.71	a	a	c	a	b	c	b	b	a	c	0.58	5.88	4.37	3.12	7.86	3.02	1.36	8.48	1.57	6.46	a	c	b	c	b	c	a	c	c	a	7.7	9.08	6.86	3.85	5.92	5.29	6.37	5.61	3.83	5.68	b	c	c	c	c	c	b	a	b	b
x104	7.76	7.91	1.09	9.17	7.89	3.45	4.99	7.81	8.13	6.2	c	c	b	a	c	c	c	b	a	b	8.18	3.42	0.69	3.84	5.56	3.52	3.21	4.58	4.48	7.06	a	a	a	b	b	c	c	a	c	a	0.68	6.26	4.74	8.29	4.83	9.44	9.9	7.42	3.88	6.26	a	b	c	c	c	b	b	b	c	c	1.6	2.16	8.32	6.95	0.45	3.1	3.83	8.19	7.42	9.64	c	b	c	b	c	b	b	a	c	a
x105	2.37	8.7	5.69	8.7	0.29	8.7	1.01	6.99	8.12	6.43	b	a	a	c	a	c	c	c	a	b	3.18	7.62	8.14	7.62	3.98	7.62	3.76	8.52	6.02	1.74	b	a	b	a	a	b	a	c	a	b	9.29	9.55	6.68	0.22	4.4	6.61	7.25	8.49	3.57	0.3	a	c	b	c	a	c	c	a	b	b	7.78	1.55	8.33	6.52	7.19	3.65	0.21	0.32	2.25	4.12	c	c	b	b	b	b	b	a	a	c
x106	3.89	8.7	8.54	8.7	6.7	8.7	4.9	5.48	8.41	4.22	b	b	a	c	a	b	c	a	a	b	7.23	7.62	0.17	7.62	0.51	7.62	7.68	3.7	9.96	7.11	b	a	c	c	a	c	b	c	a	b	3.64	9.92	7.67	1.72	2.01	9.87	4.54	8.43	7.46	8.8	a	a	c	b	b	c	b	c	c	b	1.89	2.34	6.6	5.91	6.96	5.82	3.65	3.04	9.72	8.99	b	b	b	c	b	c	a	b	b	c
x107	2.37	9.91	9.71	8.66	0.99	6.95	2.77	8.53	5.95	5.12	b	a	b	a	b	c	b	a	a	c	4.04	1.97	4.4	9.32	8.79	4.25	0.75	0.95	6.37	9.34	c	a	c	b	a	a	c	b	a	c	4.69	6.75	2.85	6.53	7.4	5.87	2.11	7.83	9.56	9.62	c	c	a	b	b	a	b	a	b	a	6.84	4.24	7.1	7.67	7.29	3.69	5.99	8.11	5.19	9.69	a	c	c	a	c	c	a	a	a	c
x108	8.2	4.49	3.02	4.44	8.78	4.47	3.91	1.66	2.16	3.25	b	a	c	c	a	b	c	a	a	a	7.33	5.73	5.99	5.33	7.65	1.18	2.16	8.79	4.21	2.09	a	c	a	a	b	a	a	a	c	a	7.85	7.81	0.69	0.58	0.55	9.81	1.51	1.9	1.44	7.83	c	c	b	b	c	a	a	a	a	a	7.22	5.32	8.64	9.46	4.35	2.82	9.64	5.37	7.59	5.59	a	a	b	a	b	a	b	b	a	b
x109	4.64	7.24	8.07	6.2	2	0.24	0.81	3.21	3.29	0.2	c	b	b	a	a	b	b	b	a	a	7.06	6.83	9.47	3.72	2.94	8.85	0.9	1.99	6.69	1.5	b	a	a	a	a	b	c	a	b	a	8.07	6.93	2.56	7.54	1.12	1.29	9.26	2.64	9.03	5.72	a	b	a	b	a	b	b	a	b	b	6.03	9.8	7.08	9.3	8.44	6.38	8.86	1.08	5.5	9.68	c	c	a	c	b	b	c	a	c	c
x110	3.64	5.49	5.67	8.77	8.06	9.96	6.51	2.62	6.95	1.18	a	c	c	a	b	a	c	c	b	c	5.57	0.73	3.67	9.96	7.29	0.51	6.89	5.88	2.51	8.93	b	c	b	c	b	b	c	c	c	c	6.81	9.21	2.26	2.53	2.11	9.63	8.27	1.01	0.48	9.44	a	b	a	a	b	a	b	b	c	a	2.26	7.65	7.3	6.57	5.31	0.25	0.39	9.44	9.91	5.15	a	a	c	c	b	a	c	c	b	a
x111	5.31	9.24	5.23	2.62	7.97	6.35	1.26	0.73	7.34	9.53	c	c	a	b	c	c	b	a	a	a	5.05	9.15	9.02	8.94	2.34	0.5	8.62	2.45	5.59	6.51	b	c	b	b	c	c	c	c	c	c	2.13	8.27	5.5	9.55	2.64	0.82	2.58	3.7	9.82	4.02	b	b	c	b	b	a	c	b	b	b	3.63	2.07	7.71	2.56	4.27	1.23	9.39	7.67	9.25	7.98	a	b	b	a	b	a	b	b	a	c
x112	6.32	0.58	3.09	7.53	4.09	7.23	2.47	8.01	5.93	9.14	a	b	a	b	b	b	c	a	b	c	0.57	7.77	3.53	8.87	8.52	0.15	4.67	9.21	3.81	1.78	c	a	b	a	b	b	b	b	b	a	6.18	5.56	8.71	0.78	1.26	3.9	7.38	7.77	6.96	1.62	c	c	a	a	a	a	b	a	a	a	8.6	7.21	7.83	9.69	8.42	5.04	0.76	4.16	1.73	1.83	b	a	c	c	b	a	b	a	b	a
x113	1.49	3.67	4.15	0.82	3.53	3.63	6.99	2.21	5.43	6.16	a	c	a	b	a	c	c	a	a	c	3.68	3.48	7.59	8.75	1.86	3.25	3.03	3.86	5.14	2.25	b	c	b	b	b	b	a	a	b	b	4.27	0.37	9.33	7.69	0.02	8.67	8.46	1.16	4.61	8.67	c	a	c	a	c	c	c	a	b	b	4.66	3.93	6.66	1.08	3.81	2.72	0.38	5.18	3.82	1.64	a	b	c	a	c	c	b	c	b	b
x114	6.37	9.41	4.99	1.21	9.22	2.6	8.76	7.91	4.2	1.66	a	b	c	b	a	b	b	a	b	c	7.99	0.59	7.84	3.4	4.25	8.27	5.49	6.38	8.77	2.92	c	a	c	b	b	c	c	c	a	b	3.5	8.34	8.41	6.4	0.59	2.76	9.35	5.59	2.3	1.31	a	b	b	a	c	a	c	c	a	a	2.93	3.42	6.68	6.64	8.02	1	8.75	5.22	8.3	1.59	c	a	b	c	a	c	a	c	b	a
x115	9.89	1.94	6.61	9.94	1.21	0.13	1.2	5.76	2.37	0.67	c	c	a	c	c	c	b	c	a	a	2.53	8.57	6.21	3.83	2.93	0.56	5.18	5.55	8.51	5.41	c	c	a	a	c	c	a	a	a	a	6.14	3.81	0.41	5.52	7.65	9.22	4.94	9.88	4.93	8.71	b	c	c	a	a	a	a	a	c	a	9.21	4.61	0.62	9.23	3.62	0.37	5.96	8.07	3.44	0.73	c	b	a	b	b	a	c	a	a	b
x116	0.18	5.73	3.08	6.83	4	8.31	6.04	7.97	2.43	4.87	a	b	b	a	b	b	b	a	b	a	6.68	2.37	2.99	3.21	4.47	6.67	7.04	4.81	8.94	6.48	c	c	a	a	b	b	a	a	b	a	1.28	2.92	9.48	7.31	5.75	5.32	8.62	6.6	9.67	1.86	a	c	c	c	a	c	a	a	c	a	2.31	4.87	8.69	5.91	2.7	4.78	3.59	9.19	9.78	0.64	c	a	b	c	a	b	c	a	a	a
x117	9.97	6.97	7.5	7.78	9.06	5.55	5.79	6.87	2.77	7.1	b	a	c	c	a	a	c	c	b	c	8.83	6.93	9.25	9.48	1.67	2.53	7.35	5.79	5.75	7.67	b	b	b	b	c	a	a	a	a	c	2	5.05	9.81	1.18	4.23	4.58	2.61	4.71	9.19	1.02	c	a	a	b	c	c	a	b	b	c	3.76	7.39	5.74	3.93	7.65	8.47	1.4	7.23	3.33	1.62	b	b	c	a	b	c	a	a	a	b
x118	4.13	8.7	5.65	8.7	3.72	8.7	6.94	1.33	5.04	6.76	b	a	b	a	a	c	b	c	c	b	6.49	7.62	1.75	7.62	6.92	7.62	2.99	0.79	7.19	9.31	b	b	a	b	a	b	a	b	c	b	6.07	6.5	9.35	4.58	5.73	4	8.85	8.99	2.31	3.36	c	b	c	a	b	c	c	c	c	a	5.26	5.92	8.18	2.23	9.24	7.42	4.75	2.3	6.13	0.16	b	a	a	a	c	b	b	a	c	b
x119	9.69	8.7	9.85	8.7	4.7	8.7	6.07	4.67	8.43	5.75	b	a	c	a	a	c	a	b	c	b	3.34	7.62	2.83	7.62	5.87	7.62	0.99	3.87	3.26	7.19	b	b	a	b	a	a	a	a	b	b	3.34	4.23	2.83	9.85	4.54	1.57	1.93	9.3	8.25	9.06	a	a	c	c	b	c	b	c	b	c	8.28	0.56	2.72	2.85	8.04	9.94	3.48	2.94	8.78	4.66	a	c	b	a	c	c	c	b	a	b
x120	6.69	4.7	6.54	6.76	9.95	1.75	6.02	8.96	2.54	8.93	b	b	a	b	a	a	b	c	b	a	8.03	2.75	2.86	3.23	8.25	3.48	7.97	8.05	3.11	2.49	c	a	c	b	c	a	a	b	c	b	6.35	0.25	2.33	7.21	0.32	8.6	8.7	2.26	1.2	9.84	a	a	a	b	c	c	a	c	c	a	5.73	3.35	4.75	5.69	6.54	1.12	0.82	5.93	9.7	2.41	c	a	b	a	b	c	b	c	b	b
x121	0.05	9.37	7.95	4.2	1.34	4.64	9.7	6.04	3.73	7.82	a	b	a	c	a	b	b	a	a	a	5.89	9.22	1.99	8.1	0.86	8.87	6.74	2.77	6.23	2.28	a	b	b	c	c	a	a	b	b	b	6.75	9.07	5.02	4.58	8.48	6.1	6.03	6.48	1.35	8.21	c	c	b	a	a	c	c	a	b	a	6.72	1.05	5.27	7.22	9.06	7.76	4.94	4.78	8.69	7.11	c	b	b	c	c	c	b	c	c	b
x122	2.82	1.8	2.23	7.29	9.04	2.28	4.23	0.58	1.56	2.7	a	b	a	a	c	b	b	b	c	a	2.33	4	1.82	3.09	6.35	6.19	4.37	4.98	4.1	6.58	b	a	b	b	b	a	b	c	b	c	3.53	2.12	2.97	3.95	2.71	5.05	8.8	6.61	3.55	4.04	a	a	c	a	a	a	c	c	a	b	1.27	6.74	0.38	0.91	7.77	3.67	4.07	1.24	3.66	0.98	c	a	b	c	a	c	b	c	b	c
x123	6.87	7.81	8.84	0.19	6.21	0.36	6.62	7.65	4.68	5.13	b	c	b	a	a	b	c	a	c	b	9.55	6.8	5.03	9.82	5.53	4.98	4.54	6.94	2.94	7.62	b	a	b	b	b	a	c	a	a	b	0.35	9.65	1.12	4.5	9.23	0.37	3.24	5.27	8.73	8.03	b	b	a	c	a	a	a	a	b	a	5.51	4.32	2.23	4.04	4.63	3.87	0.45	5.64	9.18	0.97	b	b	a	c	a	c	c	a	c	a
x124	9.73	9.3	3.92	7.59	5.45	4.68	1.4	2.48	5.85	2.35	a	b	c	b	b	b	a	a	c	b	3.34	2.5	2.83	6.75	6.52	7.33	2.19	8.25	0.6	4.94	a	b	c	b	a	c	b	c	b	b	3.34	6.5	2.83	0.67	6.49	1.81	1.07	3.58	6.89	6.94	a	b	a	b	b	b	b	a	a	a	1.38	5.59	3.04	3.07	0.78	7.83	7.22	2.88	1.67	7.39	c	c	c	c	c	a	b	a	b	b
x125	7	0.33	8.06	5.58	9.76	7.87	8.19	0.66	9.9	7.43	b	c	a	b	a	b	a	b	b	c	9.83	6.9	7.34	1.23	6.85	9.2	0.47	4.97	0.26	6.81	c	b	a	b	a	b	b	a	b	a	2.85	3.88	2.23	7.24	7.79	6.3	7.78	5.5	5.44	0.44	b	b	c	a	b	c	c	a	c	a	9.62	9.98	8.53	7.72	2.12	0.91	5.44	1.88	9.13	6.04	b	b	b	b	b	c	b	c	b	b
x126	5.55	8.7	5.09	8.7	7.56	8.7	9.54	4.37	6.15	8.21	b	b	a	b	a	b	a	c	a	b	5.37	7.62	2.06	7.62	2.56	7.62	6.36	2.35	0.8	7.29	b	c	c	a	a	a	c	b	b	b	8.66	2.99	0.9	8.54	3.37	4.77	5.8	3.25	9.88	7.53	c	b	c	b	a	c	a	c	a	a	2.31	0.32	7.66	9.04	8.74	1.19	4.55	3.37	0.53	8.84	a	a	c	b	c	c	a	c	a	b
x127	3.97	3.63	7.55	4.42	8.82	1.94	9.45	5.78	3.63	7.02	b	a	a	c	a	c	a	c	c	c	2.72	7.01	5.49	0	8.15	5.5	6.17	1.6	7.8	2.68	c	b	a	a	c	a	c	b	c	c	4.28	3.84	5.68	4.92	6.27	6.53	1.34	6.11	2.71	3.22	a	c	a	a	a	a	a	c	a	c	3.5	6.79	3.97	1.15	3.26	2.76	2.4	5.48	9.24	6.1	b	c	b	a	c	b	c	b	c	c
x128	4.11	9.29	2.93	0.67	6.6	3.92	0.73	3.32	2.71	4.78	b	c	b	c	c	c	b	c	a	c	0.77	4.76	6.54	2.06	3.96	9.6	6.79	6.45	3.38	5.91	a	b	c	a	a	c	b	c	c	c	3.28	2.83	2.19	2.43	8.12	5.6	1.92	4.18	9.54	2.24	b	a	b	b	a	b	c	b	b	c	2.95	2.77	5.46	6.42	2.28	6.2	9.31	1.99	3.45	4.53	c	c	a	b	a	a	c	b	b	b
x129	3.33	1.4	4.34	6.06	8.74	2.9	5.95	6.96	4.83	1.11	c	b	a	c	c	c	c	b	b	c	8.45	0.67	0.82	9.14	0.85	1.79	1.24	6.89	5.75	4.53	a	a	c	b	a	a	c	a	b	b	0.28	8.38	1.4	1.46	4.85	3.56	6.02	3.42	0.66	1.43	a	b	c	b	a	b	a	a	a	b	8.48	2.62	3.93	1.06	9.24	7.73	3.84	7.43	9.05	5.22	a	a	a	c	a	a	b	b	b	c
x130	4.54	8.7	3.33	8.7	1.08	8.7	5.49	8.17	9.99	0.24	b	b	a	b	a	b	b	a	c	b	2.88	7.62	4.99	7.62	9.05	7.62	4.46	6.18	0.22	0.94	b	b	b	b	a	a	b	a	b	b	7.66	9.29	3.97	8.57	0.43	8.35	8.21	4.31	0.95	8.29	c	a	a	a	c	c	b	c	a	a	3.22	1.72	0.21	4.75	5.31	7.25	8.56	3.98	1.64	1.54	b	c	b	b	c	c	c	c	a	b
x131	3.71	9.99	8.59	1.43	9.88	7.7	5.84	4.57	1.74	0.32	c	a	b	b	b	b	a	c	b	a	0.3	8.3	8.58	2.23	4.68	5.45	0.12	6.22	5.23	9.29	a	c	c	c	c	b	a	a	a	a	7.4	6.82	9.53	7.2	1.33	9.39	8.8	6.01	8.24	5.82	a	c	c	b	c	a	a	a	b	a	4.51	2.93	4.19	9.03	0.53	1.74	1.53	4.2	5.87	0.44	b	b	c	a	b	c	b	c	b	c
x132	5.66	2.73	7.33	7.24	9.57	8.74	9.95	4.45	7.79	0.51	b	b	c	c	c	c	a	c	b	a	3.07	4.75	0.92	2.65	8.89	0.62	2.07	3.2	2.67	6.77	c	c	a	c	c	a	c	c	a	b	0.11	0.24	4	8.43	9.79	4.88	4.55	1.42	3.38	5.14	c	c	b	c	a	a	a	b	b	a	9.98	4.33	8.35	5.53	1.6	3.93	9.29	1.89	1.09	7.64	b	a	b	c	c	a	b	a	a	b
x133	6.56	4.81	0.67	1.76	4	4.23	6.13	3.54	6.01	0.68	b	a	a	c	c	a	c	c	c	a	8.38	1.83	6.05	4.49	0.4	2.54	0.66	1.56	8.51	9.97	b	a	a	b	b	a	b	b	a	c	3.69	1.98	4.55	9.8	3.4	3.78	4.57	6.29	9.24	4.83	a	c	a	a	c	a	a	b	c	c	4.4	8.85	9.57	8.68	1.01	1.57	6.97	6.56	0.73	8.5	c	b	a	b	c	c	c	b	c	b
x134	5.22	10	7.04	3.12	7.65	0.55	4.34	3.46	6.89	8.46	c	c	b	b	a	c	b	a	c	c	5.85	2.45	0.1	0.57	4.92	8.4	3.5	8.26	9.96	5.52	a	b	b	c	b	a	c	c	b	c	3.8	7.81	3.45	9.28	5.96	5.84	0.15	3.81	1.39	8.09	a	a	b	c	a	b	b	c	c	a	4.64	7.79	9.58	9.66	3.15	7.91	4.22	2.92	0.2	9	b	c	c	b	b	a	b	a	a	a
x135	8.45	9.99	5.68	1.11	0.61	4.76	2.24	0.49	0.74	8.4	a	c	b	a	b	b	c	b	c	b	3.34	7.51	2.83	6.48	2.82	2.02	9.54	6.52	1.05	2.98	a	a	c	b	c	c	b	b	c	a	3.34	8.61	2.83	7.77	1.77	8.18	8.88	1.69	2.79	9.57	c	a	a	b	a	c	a	a	c	c	5.19	9.18	7.62	1.97	2.78	3.64	7.92	8.09	2.99	4.16	b	b	a	a	b	c	b	c	a	a
x136	5.11	8.01	0.8	0.68	7.46	6.21	9.72	1.15	7.53	9.52	b	b	b	a	c	a	c	b	a	c	7.73	1.37	9.5	5.45	4.84	1.8	9.5	4.55	4.12	2.97	b	c	c	a	c	a	b	a	c	c	0.22	6.68	6.89	3.49	0.94	4.59	6.6	9.11	0.13	5.02	a	a	a	b	b	a	b	b	b	c	9.91	4.51	9.83	2.27	6.07	2.04	1.84	1.91	7.49	4.94	b	b	a	a	b	c	c	c	b	c
x137	2.31	1.28	5.96	6.21	7.05	1.83	8.91	4.88	0.7	6.69	b	b	c	b	c	c	c	b	b	c	9.89	7.77	5.3	9.23	7.47	0.78	6.43	6	4.18	9.42	b	c	a	b	a	b	a	a	c	a	6.07	5.97	5.31	9.98	7.79	7.09	1.56	8.46	3.77	0.32	a	c	a	c	c	a	a	a	a	a	3.15	0.74	2.72	6.72	9.3	8.58	9.15	7.21	0.47	1.81	a	b	b	b	a	b	c	b	c	b
x138	4.51	0.34	2.02	1.39	4.61	4.46	7.05	5.43	3.25	9.86	b	a	c	b	c	a	b	c	a	a	4.06	9.24	3.17	9.87	3.24	7.39	9.55	0.41	9.84	1.38	a	c	b	b	c	a	a	a	c	a	1.21	0.96	1.13	9.23	3.43	4.32	0.75	9.05	6.17	1.9	a	c	a	b	a	c	a	a	a	a	8.54	6.63	5.99	1.05	8.8	0.33	4.74	7.53	0.9	5.63	a	c	a	c	c	a	a	b	c	b
x139	5.94	6.66	4.02	3.31	0.81	4.25	6.7	4.23	3.95	5.77	b	b	a	a	c	b	c	a	a	b	9.46	5.21	2.43	9.92	1.67	6.15	8.91	2.2	8.03	9.45	b	c	b	a	b	b	a	b	c	b	2.04	4.61	8.2	2.14	1.58	9.78	1.21	1.94	6.59	4.32	a	a	a	c	c	b	c	c	b	c	3.5	2.87	7.38	0.07	4.56	5.73	7.91	7.2	4.21	4.47	c	a	c	c	b	b	b	a	c	b
x140	7.76	1.86	3.52	2.04	2	3.02	0.4	9.45	5.67	8.68	a	a	b	c	b	a	a	b	b	a	8.97	9.32	3.94	7.33	5.38	1.3	7.58	0.83	3.11	1.55	b	b	a	b	a	a	b	a	b	b	6.25	1.88	1.26	5.49	8.79	1.52	5.04	2.22	4.48	0.77	b	b	b	a	c	a	a	c	a	a	1.86	1.59	7.88	0.39	9.47	8.59	5.98	2.09	2.1	0.18	c	c	c	a	a	a	a	b	a	a
x141	5.4	7.68	6.59	3.4	9.84	7.8	6.61	4.26	8.75	5.78	b	c	b	c	c	b	c	a	b	a	8.31	8.46	3.08	7.37	7.77	5.55	2.02	7.81	9.83	2.71	b	c	c	c	a	a	a	a	c	a	3.84	6.87	0.69	8.15	3.03	2.79	9.95	5.34	4.91	7.59	a	c	b	b	a	c	a	a	b	a	4.91	4.47	6.76	7.58	0.64	3.14	9.08	6.13	5.55	3.11	c	c	c	b	a	b	b	a	a	b
x142	4.11	8.7	5.67	8.7	2.58	8.7	8.26	5.02	1.12	7.89	b	b	a	b	a	a	a	a	a	b	0.16	7.62	6.18	7.62	5.12	7.62	0.61	7.47	8.44	2.08	b	b	b	b	a	a	a	b	a	b	7.48	6.89	0.66	6.21	8.19	8.46	7.52	5.44	4.24	5.34	a	c	c	a	c	b	a	b	b	c	1.32	2.62	1.47	0.96	7.66	6.65	0.14	0.64	1.1	4.09	c	a	b	a	c	b	c	a	b	a
x143	0.39	0.43	1.54	8.23	2.97	0.66	1.54	8.3	7.31	8.96	a	a	b	c	a	c	c	c	c	a	7.16	1.24	4.63	0.92	0.25	8.03	4.93	1.53	4.37	2.38	b	c	a	a	c	a	a	a	c	a	6.83	0.96	0.85	0.39	9.82	3.11	4.96	8.73	7.46	6.79	c	c	a	c	c	b	a	a	a	a	8.24	4.26	6.93	7.01	8.6	6.32	7.65	6.93	3.52	2.59	c	b	b	a	a	a	a	a	c	c
x144	4.61	6.01	5.29	0.85	4.04	4.5	3.11	2.71	2.76	6.46	b	c	a	a	a	c	b	a	b	a	3.22	9.28	8.88	6.69	5.88	5.48	2.64	3.74	0.07	3.33	a	b	c	a	c	c	b	b	b	c	4.75	1.18	1.63	0.99	2.51	7.71	5.88	2.27	4.5	2.4	a	b	a	a	a	c	a	a	b	b	0.58	8.21	2.23	7.04	0.35	8.94	9.45	7.68	3.74	8.22	a	c	a	c	a	a	b	b	b	c
x145	1.48	8.7	8.13	8.7	3.78	8.7	6.82	7.49	4.26	4.12	b	a	b	c	a	b	c	a	a	b	6.07	7.62	1.37	7.62	9.87	7.62	6.25	2.03	0.91	9.62	b	a	c	c	a	b	c	b	b	b	1.87	6.82	2.52	6.41	2.68	5.43	9.71	7.29	1.36	7.78	b	a	b	b	a	b	a	a	c	a	6.43	9.09	8.82	7.56	8.06	6.61	2.84	2.3	4.69	1.16	a	c	a	b	b	b	b	c	c	b
x146	9	6.19	0.61	6.12	9.99	8.35	6.14	6.87	3.41	3.1	c	c	b	c	a	b	c	a	a	c	5.45	5.48	5.73	4.26	3.95	0.6	2.88	9.96	6.1	0.72	c	c	c	b	c	c	a	a	c	a	5.7	5.35	9.78	7.72	4.01	1	2.51	0.56	7.75	8.51	a	c	b	c	b	c	a	a	b	a	3.18	5.7	3.03	8.52	0.48	0.48	2.7	3.66	1.15	6.21	b	a	c	a	b	c	b	a	a	b
x147	0.47	6.7	0.2	9.64	2.94	8.6	0.5	8.72	1.42	0.67	c	c	a	c	c	a	b	a	a	b	0.03	8.93	0.59	4.1	2.12	0.24	5.65	7.13	3.64	5.57	c	a	c	c	c	c	c	b	a	a	9.43	8.01	3.45	8.86	7.9	9.21	8.99	4.86	9.59	7.46	a	a	b	b	c	c	c	b	c	c	9.46	2.59	6.53	5.83	1.12	8.37	0.07	1.94	3.42	5.71	a	a	c	a	b	a	b	b	c	a
x148	7.71	3.08	7.94	0.06	5.24	2.7	4.2	0.7	3.21	6.09	a	b	c	b	b	c	b	c	b	b	1.13	6.23	7.12	8.07	6.01	9.02	5.48	1.34	1.8	0.86	b	a	c	b	a	c	b	a	b	a	3.86	9.13	2.88	5.86	7.87	3.08	2.53	4.3	3.15	2.82	c	c	b	a	b	c	b	c	a	b	5.37	2.3	5.22	6.75	3.13	3.92	9.49	3.13	4.13	0.21	b	b	b	c	c	c	a	c	b	b
x149	1.6	7.71	0.7	0.39	7.25	4.45	7.4	6.44	3.21	2.81	a	a	b	a	c	b	a	b	a	c	9.53	5.76	4.67	6.85	9.89	9.84	8.62	5.49	1.46	7.39	b	c	a	c	c	c	a	a	b	c	4.3	4.61	9.65	9.29	6.96	3.74	9.49	3.68	6.22	6.88	a	a	c	c	a	c	c	b	c	a	1.25	2.12	4.93	4.71	0.81	3.88	5.96	7.13	2.33	1.79	b	a	c	c	b	b	b	c	c	a
x150	0.47	5.23	4.3	2	9.5	6.67	7.6	7.6	3.84	1.68	b	a	a	a	b	b	b	a	c	a	3.34	3.29	2.83	2.54	3.94	0.83	9.32	5.64	2.63	2.92	c	a	c	c	a	c	c	c	a	a	3.34	1.39	2.83	6.64	5.15	6.09	2.05	6.85	0.31	7.87	a	c	c	b	b	c	c	b	c	a	3.05	9.81	3.11	1.81	3.59	9.25	4.57	6.22	7.02	7.43	b	c	a	b	b	a	c	a	a	c
x151	9.97	1.64	1.93	9.3	8.95	8.78	2.37	3.26	6.25	0.74	a	a	b	a	b	c	c	a	a	b	5.26	4.4	4.61	2.79	8.37	8.25	3.18	2.27	2.15	8.75	a	a	a	a	c	b	c	b	a	a	3.95	7.29	3.16	2.93	4.41	5.94	2.34	5.6	7.18	9.93	a	b	c	a	b	a	b	c	b	c	2.09	8.21	1.08	6.74	3.59	3.71	1.39	0.17	7.12	2.6	b	b	c	b	b	c	b	c	a	c
x152	2.17	2.44	6.2	0.59	5.23	0.25	3.62	6.68	0.18	6.22	c	b	a	b	a	b	c	b	b	c	9.31	7.89	3.55	9.18	7.56	5.35	8.38	7.71	0.12	2.6	b	b	c	c	b	b	a	a	b	c	4.74	0.42	4.03	2.91	5.03	3.71	0.37	9.81	3.3	0.34	b	b	b	b	a	c	b	b	c	c	6.96	4.78	2.25	4.35	0.07	5.95	6.64	7.81	1.67	8.06	b	c	a	c	c	a	c	c	b	a
x153	1.21	9.11	5.19	2.54	2.73	3.44	3.42	4.58	0.09	4.75	a	a	b	b	a	a	a	a	b	a	5.26	4.23	8.55	8.25	0.69	6.68	0.22	5.43	4.9	2.93	a	c	a	b	b	a	a	a	b	a	5.34	7.5	7.43	0.74	5.6	4.81	4.73	1.19	2.47	4.53	a	c	c	c	a	c	a	a	a	a	2.02	4.07	0.54	1.97	0.74	0.22	4.89	8.24	2.24	7.1	b	c	a	c	b	a	b	a	a	b
x154	5.51	3.15	3.31	9.15	4.4	4.02	8.72	9.17	4.14	0.69	c	b	a	c	b	a	a	b	c	c	3.34	5.52	2.83	9.26	1.93	8.38	3.67	3.78	7.68	5.97	b	c	a	b	c	b	a	a	c	a	3.34	3.16	2.83	9.93	7.24	6.85	5.52	1.72	3.47	2.39	b	c	a	b	a	a	a	a	a	a	0.09	0.48	2.55	1.5	0.03	1.82	6.86	7	2.32	1.15	c	c	a	b	a	a	c	c	c	a
x155	5.91	4.46	5.05	6.69	6.98	1.09	9.37	0.94	2.5	5.4	c	c	a	b	c	a	a	b	b	b	7.83	5.48	1.15	0.31	4.8	6.13	3.28	7.56	0.41	9.69	b	c	a	a	a	a	a	a	c	a	5.3	1.63	5.63	1.42	6.37	0.79	7.98	1.68	8.08	6.22	c	c	a	c	b	a	a	a	a	a	10	1.92	4.32	3.72	4.69	1.9	6.36	6.34	2.99	8.85	b	b	a	b	b	a	a	b	c	c
x156	8.01	8.61	5.77	9.71	9.13	8.74	9.04	5.93	7.89	5.7	b	a	a	a	c	b	a	a	c	b	6.36	6.47	9.05	5.3	5.5	7.42	4.13	2.12	2.59	2.95	b	b	c	c	c	b	a	b	c	b	3.62	2.95	1.96	2.23	6.38	0.07	8.95	9.52	3.37	7.42	c	b	c	b	b	a	c	a	c	a	0.77	6.3	6.29	7.86	4.13	1.37	8.64	1.2	7.6	2.49	b	a	a	a	b	a	a	a	a	b
x157	6.88	8.57	6.44	5.12	2.62	1.86	0.23	6.05	4.25	0.28	c	c	b	b	a	b	c	c	a	b	2.3	2.23	0.94	0.28	8.36	0.74	2.9	3.91	3.3	4.21	a	a	b	b	a	b	a	c	b	b	9.7	9.34	7.26	8.97	0.17	8.99	5.27	2.56	4.92	2.92	c	a	b	c	c	a	b	b	b	b	4.62	1.25	4.8	7.89	2.37	6.32	0.55	6.96	4.49	0.14	b	c	c	b	a	a	b	c	c	c
x158	5.24	4.37	8.58	2.24	5.33	1.9	4.62	1.18	5.01	9.48	c	a	c	c	b	a	b	a	b	c	6.38	5.03	4.97	8.87	8.88	1.41	3.84	5.34	0.11	4.43	c	b	c	a	b	a	b	a	b	a	2.95	9.01	1.89	6.63	8.28	6.09	4.05	1.23	7.88	1.81	a	a	a	a	c	c	b	b	c	c	8.61	2.8	2.15	1.26	8.34	1.95	1.16	8.26	7.16	6.47	b	c	b	c	a	c	b	a	b	b
x159	3.37	2.63	3.4	9.83	5.68	4.51	8.68	5.37	7.41	4.85	c	a	c	c	c	a	c	c	a	b	2.49	1.62	3.58	1.31	1.09	9.62	2.4	5.4	3.33	9.82	b	c	c	c	a	c	a	a	b	a	4.07	2.81	7.36	1.33	6.98	6.65	4.27	9.8	3.38	5.06	b	c	a	c	a	c	a	a	b	a	8.47	0.03	0.04	3.78	0.62	3.86	9.9	1.71	5.66	9.65	c	b	c	b	c	a	a	c	a	a
x160	9.91	9.7	5.55	0.99	9.5	5.32	0.47	0.35	9.56	1.67	b	c	a	b	b	b	c	b	c	b	8.49	3.75	1.99	8.34	9.84	6.93	9.09	2.73	3.25	5.6	a	a	b	a	a	a	c	b	b	a	0.64	3.97	3.9	3.44	5.89	5.3	3.97	2.35	1.19	9.61	a	c	a	c	a	a	a	a	c	b	3.68	1.74	3.98	0.36	8.35	7.76	5.45	2.47	9.04	8.76	c	a	c	b	c	c	b	b	a	c
x161	5.71	5.29	9.05	1.77	0.28	5.74	9.08	4.64	6.61	5.27	a	a	b	b	a	c	c	a	c	c	4.56	0.63	5.26	7.65	5.53	2.03	4.82	0.02	7.95	2.85	a	c	a	b	b	c	a	c	c	a	6.72	6.49	2.36	7.83	6.41	7.98	4.7	2.33	6.26	8.27	a	a	b	b	a	c	c	b	a	a	7.47	4.92	5.85	1.52	1.09	4.97	2.39	7.82	6.87	5.46	b	a	c	b	a	a	a	a	c	c
x162	7.11	3.38	7.93	9.77	4.46	6.05	0.42	9.82	6.58	5.01	b	a	c	b	c	b	b	b	c	c	4.73	0.38	9.3	5.66	5.87	3.24	1.27	8.78	2.59	7.27	c	c	c	b	a	a	c	a	a	c	1.81	7.52	7.27	7.29	8.81	7.53	9.64	8.2	6.09	9.18	c	c	c	a	a	c	a	c	b	a	7.02	3.71	1.72	7.91	6.59	0.56	4.26	8.35	2.14	4.35	c	a	b	a	a	c	b	c	b	b
x163	3	5.57	3.77	3.85	7.89	0.88	6.81	2	4.15	3.91	a	c	c	c	a	b	a	a	b	b	0.13	7.84	8.64	2.19	9.54	9.36	0.02	9.85	8.55	8.33	a	b	b	a	a	a	a	a	a	a	1.93	0.36	2.32	3.15	2.08	7.3	5.03	1.1	0.57	9.01	c	b	a	b	b	b	c	a	a	a	5.11	4.14	0.76	0.92	7.61	6.23	5.94	9.91	3.93	4.02	a	b	b	c	c	a	b	c	c	c
x164	4.43	2.09	6.13	4.01	8.1	5.54	1.18	0.92	6.05	6.04	b	a	b	c	a	c	c	b	b	c	5.84	6.54	9.15	4.13	0.42	5.87	1.94	3.42	4.41	4.97	b	c	c	c	c	a	c	a	c	a	0.96	9.12	7.26	4.62	9.44	2.85	2.98	7.97	2.9	4.14	b	b	c	a	a	a	a	c	c	b	4.95	0.24	8.56	3.45	2.08	0.63	4.21	0.7	8.83	8.76	a	b	c	c	b	c	a	b	b	a
x165	1.11	2.69	6.19	2.48	7.41	7.58	1.7	2.51	0.2	9.72	b	b	a	c	c	c	c	b	a	c	6.1	1.54	1.24	3.95	4.4	6.23	8.83	1.18	8.41	6.52	b	c	c	c	b	c	c	a	c	c	3.09	8.92	8.92	0.09	3.39	2.12	1.55	1.27	7.29	0.3	a	c	a	a	b	b	a	a	c	a	1.09	1.28	4.27	5.25	7.29	7	7.97	4.58	6.03	3.98	c	c	b	b	b	a	b	b	b	a
x166	0.28	8.7	6.46	8.7	8.14	8.7	8.99	3.03	8.47	2.51	b	a	b	a	a	c	c	a	c	b	4.78	7.62	4.29	7.62	2.42	7.62	0.64	3.51	3.39	2.96	b	c	b	b	a	c	b	b	b	b	6.37	5.18	6.82	4.57	7.03	7.14	0.61	4.78	0.41	1.28	a	b	a	b	a	a	c	b	a	c	3.59	6.2	4.88	7.84	2.49	2.85	8.79	6.49	7.73	6.8	c	a	a	c	b	a	b	b	a	c
x167	0.21	2.81	1.56	2.88	2.61	7.66	9.54	0.41	3.12	4.35	a	b	c	b	c	b	b	a	b	a	2.96	0.32	4.76	6.05	3.34	5.65	2.61	3.67	0.27	4.83	a	c	b	c	b	a	a	a	b	a	3.2	2.59	2.44	3.55	9.14	8.7	5.55	4.57	4.79	2.28	a	c	a	a	a	a	a	a	c	a	5.43	6.48	3.25	1.67	6.18	7.31	1.82	0.17	9.69	6.19	c	a	b	b	c	a	a	a	a	b
x168	9.14	5.25	5.51	4.14	7.4	9.38	5.68	6.74	6.52	4.75	c	b	b	a	c	a	c	b	c	b	2.4	7.53	2.86	9.26	3.13	6.27	7.24	2.68	4.55	1.99	c	c	a	c	a	b	c	a	a	c	8.81	8.55	6.03	2.08	8.63	1.08	6.66	4.12	0.23	8.48	a	c	c	a	b	c	c	c	b	c	1.68	7.65	9.39	6.46	3.36	0.59	1.73	0.2	1.91	7.03	c	c	b	c	c	a	c	c	a	c
x169	3.67	9.17	5.03	8.38	7.71	8.59	3.48	0.78	1.23	0.92	a	b	a	a	b	a	a	b	a	a	8.57	8.22	7.38	5.68	4	3.83	2.46	5.49	7.26	0.1	c	b	b	a	a	b	b	a	c	c	2.93	7.92	2.58	8.47	3.12	3.47	9.73	5.55	1.27	2.06	a	b	c	b	b	b	c	b	b	b	2.34	6.39	1.3	5.02	7.08	9.44	7.61	9.31	3.85	1.77	c	a	c	b	c	b	b	a	a	b
x170	4.13	5.01	0.28	9.7	7.4	5.67	2.01	1.47	1.23	0.04	a	c	a	a	b	a	b	c	a	b	4.31	8.58	9.81	9.72	5.57	6.1	5.19	2.06	6.12	7.18	a	b	c	b	c	c	a	b	c	a	7.41	1.25	2.99	6.23	1	1.05	9.2	6.16	0.25	6.32	c	c	a	c	c	b	b	a	b	b	1.92	9.94	8.3	3.51	2.04	1.85	5.88	4.98	5.03	4.09	c	a	b	b	a	b	a	a	a	a
x171	0.39	4.47	6.17	3.69	5.14	4.45	7.31	0.16	6.7	0.95	b	b	a	c	c	b	a	b	a	b	7.8	7.08	5.05	7.19	6.23	8.29	5.41	6.34	6.67	8.7	a	b	b	c	c	a	c	c	b	b	7.12	9.63	4.31	0.1	3.21	8.37	0.31	6.02	4.05	8.07	a	a	b	b	c	b	c	c	b	a	7.28	2.96	6.37	4.18	1.2	2.12	7.61	7.16	5.03	4.56	c	c	a	c	b	a	c	a	a	b
x172	9.28	7.55	6.67	8.35	5.98	7.47	2.42	1.45	10	6.39	c	c	b	c	a	a	c	b	b	c	3.94	3.9	0.85	3.6	0.84	1.18	0.76	5.56	0.81	1.9	c	c	a	c	b	b	a	a	b	a	1.25	9.77	0.97	1.95	4.98	3.59	7.37	2.1	2.11	8.7	c	c	c	a	c	a	a	a	c	a	7.56	9.75	7.28	3.98	0.2	8.43	1.38	7.43	9.04	4.51	c	a	a	c	b	b	a	b	b	a
x173	5.16	7.29	2.74	2.91	7.62	7.96	3.48	7.4	1.56	6.17	c	c	a	c	c	c	c	a	c	b	1.6	2.95	8.14	3.08	1.43	2.19	8.91	1.19	4.45	9.23	c	b	c	c	a	b	a	c	b	c	1.03	4.82	6.33	2.78	7.37	1.27	3.77	3.16	3.15	9.71	c	b	a	a	a	c	b	a	a	a	2.61	3.88	2.28	9.61	5.83	0.14	7.96	7.15	0.33	6.07	a	a	c	b	b	c	a	b	b	a
x174	5.69	3.92	7.85	1.77	9.95	5.21	2.13	8.77	9.78	0.17	b	c	b	a	b	a	a	c	c	c	0.03	7.64	7.58	1.55	5.74	4.32	2.46	4.12	2.16	2.07	c	c	a	b	c	c	c	a	c	a	5.95	4.19	7.39	6.86	4.2	2.52	6.53	7.36	1.5	6.85	b	b	a	a	b	c	b	c	b	b	7.77	8.54	1.65	4.08	7.87	7.74	1.04	9.21	1.45	4.46	c	c	c	c	a	c	b	b	b	a
x175	5.42	9.51	6.46	2.25	1.98	8.39	8.29	3.95	5.94	5.82	b	a	b	b	c	a	a	c	b	b	7.53	5.84	7.42	1.28	1.81	2.14	4.35	2.08	4.37	8.36	b	c	b	a	c	b	b	b	c	c	3.44	3.59	2.65	3.22	2.48	4.66	2.8	9.32	0.72	0.94	c	a	a	b	a	a	a	c	b	a	5.81	5.5	8.13	9.64	5.69	1.87	8.41	3.62	1.74	0.99	a	a	a	c	b	a	c	a	a	b
x176	8.67	0.25	6.15	3.59	8.84	2.12	6.17	5.95	8.7	5.07	a	b	c	b	b	b	c	c	a	a	0.53	4.03	0.02	5.98	3.18	9.58	6.33	2.72	9.67	3.33	c	a	a	c	b	a	a	c	b	a	5.97	2.86	3.25	1.77	5.94	5.08	5.21	8.38	3.41	2.9	b	a	b	b	a	b	b	c	b	a	6.16	8.1	1.5	7.1	2.76	1.86	7.56	2.26	0.75	1.71	b	a	b	c	c	b	a	c	c	c
x177	9.17	7	4.65	8.3	7.73	0.36	5.92	0.13	7.23	6.24	a	c	a	a	c	a	b	c	c	b	2.16	5.74	8.63	8.04	1.64	8.01	6.89	0.05	5.62	5.84	a	a	b	b	b	a	c	b	c	a	3.69	3.87	7.72	6.71	9.08	2.5	7.37	4.8	6.2	8.3	a	b	a	a	a	c	b	c	c	b	9.88	8.6	3.8	5.9	9.15	9.53	0.36	8.69	7.17	8.56	b	c	b	a	b	c	a	c	c	b
x178	5.46	2.16	8.32	5.11	7.43	8.96	0.23	3.73	1.71	8.68	a	a	c	c	a	a	b	a	b	c	4.05	5.42	9.96	6.96	4.06	8.37	1.14	9.99	0.45	7.51	c	b	b	a	a	b	b	a	b	a	9.78	1.02	7.03	3.13	3.87	8.35	1.3	8.78	0.02	2.75	b	c	b	a	b	c	b	b	b	b	8.39	8.3	7.44	2.53	4.63	1.87	4.01	2.89	3.14	9.2	a	a	c	c	c	c	c	a	a	c
x179	0.95	8.47	1.58	7.89	1.7	2.07	9.97	5.69	6.64	2.92	c	b	a	a	b	a	c	c	b	a	0.54	3.94	5.76	2.41	9.89	0.4	2	5.46	5.48	5.5	c	c	b	a	b	b	b	c	b	c	1.88	0.34	0.89	8.38	9.82	4.78	2.76	2.13	0.49	5.19	a	b	c	c	b	a	a	c	b	b	2.04	1.91	4.53	2.41	1.4	0.98	5.99	2.27	6.41	7.93	a	b	b	b	a	c	a	c	a	c
x180	0.08	7.25	9.27	4.95	0.85	2.21	6.22	9.32	6.64	7.89	c	a	c	b	c	c	c	c	b	a	8.07	2.38	7.39	8.57	4.35	7.48	7.68	2.19	0.65	1.37	a	c	a	b	b	b	a	a	b	a	8.44	3.12	0.7	7.22	2.38	4.11	4.07	0.27	2.29	7.82	a	c	b	a	b	b	a	a	c	a	2.54	3.51	9.34	3.81	1.87	3.61	9.64	7.88	8.8	2.9	b	a	b	c	a	b	b	a	b	c
x181	6.45	3.4	9.93	3.67	7.74	2.36	0.02	7.83	4.82	7.42	a	a	a	c	b	c	c	b	a	a	4.62	2.71	7.6	1.58	8.65	8.6	7.52	4.47	8.9	6.1	a	a	b	a	c	c	c	a	a	c	3.9	9.2	9.91	2.04	7.87	0.01	7.31	5.41	7.34	1.52	b	a	a	b	c	b	a	b	c	a	4.09	8.29	4.56	4.8	5.08	4.14	6.61	5.32	4.52	7.31	b	a	a	b	a	a	b	a	a	b
x182	9.75	5.42	4.45	1.63	8.29	4.29	2.93	8.99	2.79	3.06	b	a	c	c	a	a	b	a	b	c	0.16	9.39	4.32	8.79	7.09	0.62	2.23	9.64	1.44	1.67	b	c	c	a	b	c	a	a	c	a	4.45	8.12	4.42	7.29	3.25	9.98	3.53	8.8	5.34	5.02	a	c	b	a	b	a	a	a	a	a	5.03	1.66	6.82	9.69	6.99	7.67	3.92	6.75	1.74	8.39	a	b	a	b	b	c	b	a	a	a
x183	4.5	5.35	6.58	9.86	5.67	1.72	8.26	8.69	1.03	7.19	c	c	b	a	a	a	c	c	a	b	8.3	0.1	6.28	9.53	8.46	7.59	7.93	1.91	6.94	3.15	c	c	a	b	b	a	b	a	c	a	1.8	4.82	1.93	8.76	8.14	5.95	4.16	4.41	0.19	5.29	b	b	b	b	b	c	c	c	b	c	9.68	1.98	3.82	4.32	5.71	4.21	3.53	7.92	6.39	9.74	c	c	b	b	b	a	a	c	b	c
x184	0.24	8.7	0.93	8.7	6	8.7	9.66	7.99	0.19	1.54	b	b	b	b	a	c	c	b	c	b	8.36	7.62	4.99	7.62	6.86	7.62	2.03	4.67	7.1	8.78	b	b	b	c	a	c	b	a	c	b	7.47	4.4	0.33	7.66	6.97	4.23	9.6	8.2	7.25	2.7	a	c	b	c	c	c	a	a	c	a	9.69	6.39	1.58	1.02	9.35	2.52	8.73	4.66	1.2	8.05	a	a	b	a	c	b	a	c	b	c
x185	0.42	7.13	4.68	1.22	2.5	9.41	1.51	5.67	0.27	5.91	a	c	b	a	c	a	a	c	b	c	1.11	8.96	6.68	3.43	1.26	8.28	0.27	7.69	4.08	1.3	c	c	b	a	c	b	a	a	c	a	7.89	7.96	1.33	6.68	1.48	3.04	5.71	0.49	2.97	7.53	c	c	b	c	b	b	a	a	b	a	1.22	4.34	8.93	8.32	0.3	9.06	5.84	7.17	3.35	4.19	c	b	a	b	a	a	b	b	b	a
x186	4.39	6.31	9.81	7.43	4.4	5.53	0.91	5.23	6.92	0.82	b	c	a	a	c	c	c	b	b	b	4.87	9.58	0.62	7.14	5.41	2.07	7.66	5.85	7.16	9.04	a	b	b	b	b	a	c	a	c	a	2.9	1.05	9.13	6.65	1.49	1.94	3.34	2.04	5.71	1.49	c	c	a	c	a	b	b	c	a	b	3.89	0.01	5.22	9.39	2.55	2.15	9.21	0.08	1.11	6.53	a	c	b	c	c	c	b	c	a	a
x187	4.23	6.2	2.17	7.8	8.92	0.3	7.99	1.73	5.15	9.02	a	b	b	a	c	a	b	c	c	c	9.01	4.78	0.43	9.94	5.43	5.78	6.4	9.64	8.54	5.63	a	c	c	b	c	b	b	a	b	b	7.47	2.52	8.29	9.27	4.84	0.21	0.78	0.07	3.14	3.74	a	c	b	a	b	b	c	b	a	b	8.23	9.84	9.38	0.28	9.8	2.55	0.8	1.67	4.04	0.27	c	c	c	c	b	a	c	c	c	c
x188	9.41	9.41	1.01	0.71	3.8	3.14	6.44	0.46	3.37	2.88	a	a	c	b	a	b	c	c	b	a	3.51	1.31	2.19	2.49	6.09	9.89	5.51	6.47	6.95	9.07	c	b	b	c	c	c	a	c	a	a	2.79	8.37	2.71	9.79	2.72	1.99	2.7	5.46	8.44	9.47	c	b	c	b	c	c	b	c	a	b	7.81	0.24	8.22	4.67	0.04	4.96	0.83	4.45	2.45	8.6	c	a	a	a	b	c	c	a	a	b
x189	0.62	4.75	9.63	3.67	4.06	9.52	4.07	5.73	5.06	1.76	c	c	c	b	b	a	a	a	c	c	3.03	2.67	2.79	5.5	9.43	7.52	7.58	7.63	5.9	1.47	a	b	c	a	c	a	c	c	a	b	2.57	3.34	8.7	1.99	1.8	9.74	8.92	5.56	5.92	7.72	c	a	b	a	c	c	b	a	a	b	8.67	3.61	5.62	4.25	3.15	9.63	3.24	5.23	5.93	6.22	c	a	a	c	c	a	c	c	a	b
x190	9.84	8.7	9.48	8.7	5.55	8.7	2.13	4.44	9.08	2.74	b	c	b	c	a	c	c	b	c	b	7.45	7.62	2.43	7.62	1.68	7.62	1.08	4.26	2.93	0.22	b	b	a	c	a	a	b	c	a	b	4.66	5.98	1.14	0.93	4.91	0.51	5.37	2.34	4.9	8.49	c	a	a	c	c	c	c	c	a	c	5.85	0.62	1.54	0.1	1.8	7.45	9.01	5.45	9.69	9.62	b	b	c	b	b	a	a	b	b	c
x191	9.57	1.28	6.19	8.07	6.94	1.7	8.9	5.64	0.4	2.39	c	a	a	a	b	a	b	b	c	b	2.51	7.13	6.41	5.48	7.64	4.37	8.6	6.67	8.96	9.19	a	b	b	a	c	c	a	c	b	c	0.38	4.24	8.16	0.4	2.71	5.58	6.23	7.09	5.23	5.85	c	b	c	a	a	c	b	b	c	b	8.06	6.58	4.93	9.27	2.04	1.14	8.1	8.29	3.65	5.65	b	c	b	c	c	a	b	b	c	a
x192	4.25	6.94	7.85	9.15	9.79	5.9	0.89	2.82	8.36	0.3	c	b	c	c	b	c	b	b	a	c	3.34	8	2.83	9.57	5.31	9.6	0.06	6.03	0.68	0.47	c	a	b	c	c	c	a	a	c	b	3.34	8.93	2.83	2.36	7.17	0.91	1.6	5.18	7.26	6.91	c	a	c	a	c	b	a	c	c	c	1.7	6.56	4.09	6.81	0.16	9.94	8.42	4.97	8.35	7.81	a	c	c	c	c	c	a	a	c	b
x193	2.51	0.68	9.25	5.12	1.72	7.16	6	4.44	5.72	9.21	a	b	c	b	a	b	b	c	c	a	4.82	6.6	5.02	1.19	4.97	7.46	8.78	7.23	4.73	0.71	b	c	a	a	c	b	a	a	a	a	3.01	3.61	6.98	0.42	3.15	7.25	3.62	9.66	4.66	5.05	c	c	c	c	c	c	a	a	b	a	2.79	1.75	9.01	3.43	4.62	4.02	2.19	2.84	5.88	1.65	c	a	c	a	a	c	c	c	c	a
x194	4.92	5.7	8.17	7.44	0.93	4.72	3.15	1.74	3.11	8.42	a	c	b	a	a	b	b	a	c	a	1.22	3.43	4.04	4.73	9.48	5.54	2.82	3.66	8.9	3.62	b	c	b	c	b	b	a	b	c	a	3.72	0.84	6.97	5.76	0.73	2.72	2.18	9.07	2.11	2.92	a	b	b	b	b	a	b	b	a	b	1.62	4.04	3.81	4.55	3.47	8.43	8.84	8.41	8.23	3.02	a	a	c	c	b	c	a	b	c	c
x195	8.19	8.08	9.49	1.43	2.56	9.09	4.79	0.56	5.31	5.3	c	c	c	a	a	c	c	b	b	c	1.07	3.21	7.09	1.49	8.25	7.62	4.41	0.85	0.15	6.51	a	b	b	a	c	c	a	b	b	c	2.43	5.17	5.44	5.49	4.81	5.13	1.28	2.66	3.52	4.65	c	b	a	a	a	c	a	a	c	a	9.95	0.19	0.75	2.98	7.02	3.38	2.64	1.61	6.04	5.04	a	b	c	a	b	c	c	b	b	a
x196	3.46	6.48	4.83	2.11	8.9	5.09	7.41	9.77	6.76	4.22	b	c	a	b	a	a	c	b	c	c	8.25	2.64	6.17	0.79	9.14	8.28	0.29	6.74	3.06	5.42	a	c	c	b	a	c	b	c	a	c	2.38	4.33	3.15	4.07	5.88	9.91	5.86	7.69	5.49	1.01	b	b	c	c	c	b	b	c	b	c	2.61	4.47	2.5	9.3	6.05	6.44	2.47	9.37	8.77	3.06	a	c	b	a	b	c	c	c	c	a
x197	6.4	6.9	1.22	0.31	0.14	0.15	2.53	0.64	3.56	3.13	b	a	a	b	a	b	b	b	b	c	4.7	9.46	8.4	3.68	8.37	8.46	1.32	8.21	8.98	9.81	b	c	b	a	c	a	b	a	c	b	7.47	1.19	9.43	0.07	0.89	7.91	9.26	4.71	1.75	1.84	b	b	a	c	b	a	b	a	b	b	4.17	7.48	6.73	2.7	3.89	7.18	6.14	2.57	2.36	1.04	a	b	a	c	b	a	c	c	c	c
x198	2.86	3.57	1.67	7.29	7.78	0.98	8.32	4.55	5.72	8.48	c	c	b	a	c	b	b	b	c	b	3.34	3.24	8.02	2.11	8.24	4.21	3.9	1.46	5	0.06	b	c	c	a	a	a	a	a	b	a	3.11	7.42	7.29	3.23	1.66	3.61	4.9	2.12	9.57	6.32	a	c	a	c	a	a	a	a	a	a	4.05	8.41	8.2	3.49	4.7	6.76	6.06	7.74	2.78	2.42	a	c	b	b	c	a	a	b	b	a
x199	8.6	8.08	9.17	0.63	8.77	6.01	9.24	6.08	6.44	3.5	b	c	a	c	a	a	b	b	a	b	0.5	7.4	9.46	7.54	2.09	3.21	4.59	7.09	8.24	4.56	c	b	c	a	a	b	a	a	a	a	8.03	8.16	0.82	7.86	2.75	3.1	8.94	9.83	3.33	1.6	c	c	b	a	b	a	c	c	a	a	3.98	7.58	5.79	4.9	4.32	1.9	3.94	1.58	1.23	1.84	c	c	b	c	b	a	c	c	c	c
x200	7.3	6.3	3.44	5.3	2.47	5.85	5.67	5.64	1.53	7.17	a	c	a	b	c	b	c	a	c	c	0.73	7.66	8.94	8.29	1.52	0.72	8.4	3.94	5	5.94	b	a	b	b	b	b	a	b	a	c	6.75	0.41	9.44	8.06	1.95	1.12	3.19	3.4	6.51	8.81	c	a	a	c	c	c	a	b	b	b	9.52	7.32	2.61	7.08	7.68	0.39	4.41	1.21	2.73	3.85	b	c	a	b	a	b	c	a	a	c
x201	5.77	5.17	6.75	3.41	8.64	9.22	8.53	4.94	9.69	7.13	a	a	b	b	b	c	a	b	b	c	0.29	4.38	8.73	3.11	1.91	9.46	8.39	1.84	1.94	2.36	a	b	b	b	c	c	c	b	b	c	2.4	3.29	5.07	5.7	3.77	5.56	9.05	4.23	1.74	0.7	b	b	b	c	b	a	b	c	a	a	4.22	9.33	9.08	4.74	8.36	5.67	7.19	6.01	5.42	9.77	c	c	a	c	b	c	c	a	b	a
x202	0.35	7.88	1.16	5.2	2.45	0.79	8.04	8.59	6.25	8.78	a	b	c	c	a	c	b	a	b	c	1.73	3.46	4.3	3.05	5.69	7	9.81	2.84	5.73	9.26	b	b	b	a	b	c	c	b	b	a	6.38	1.02	6.51	7.58	3.21	8.25	6.38	7	7.56	0.52	c	a	a	a	a	b	b	b	b	a	9.81	2.41	0.07	0.46	7.58	7.28	1.82	4.21	6.53	5.68	b	a	a	a	a	c	a	c	b	a
x203	7.72	9.39	4.09	9.21	9.23	0.58	3.88	9.41	7.98	4.14	a	c	c	c	a	a	a	b	a	c	4.43	5.33	1.89	3.15	0.93	8.95	4.76	6.51	1.36	4.32	a	c	a	a	c	b	a	a	a	a	4.74	9.49	3.6	5.1	0.04	7.11	1.61	4.13	7.86	5.29	a	c	c	c	a	b	a	a	b	a	4.48	4.85	8.16	1.26	0.82	9.74	6.61	9.03	9.46	3.01	b	b	c	a	c	b	c	b	c	c
x204	6.46	8.7	0.16	8.7	7.79	8.7	6.04	5.82	3.81	2.41	b	a	b	a	a	c	a	b	c	b	2.48	7.62	2.63	7.62	7.1	7.62	3.81	6.37	6.54	1.11	b	c	b	c	a	a	a	c	c	b	4.49	7.44	1.58	2.35	0.07	8.63	2.82	1.66	2.17	3.08	a	b	a	a	b	c	b	c	a	b	7.07	8.89	5.93	4.18	0.53	2.96	8.57	8.95	7.62	4.64	c	c	c	a	c	a	a	b	a	b
x205	1.75	7.75	8.9	5.16	7.13	1.51	3.04	0.55	4.3	0.34	c	b	b	a	b	b	a	b	b	c	1.98	5.43	2.22	5.21	8.2	5.93	4.44	2.82	9.64	5.83	a	a	a	c	c	b	a	c	a	c	7.84	8.52	9.09	6.71	2.62	7.35	1.05	5.52	1.76	5.34	a	a	a	a	b	c	a	c	b	b	7.82	8.36	4.46	1.85	3.7	2.45	6.38	5.99	3.88	8.85	b	b	a	b	b	a	b	a	a	a
x206	6.13	5.85	5.58	7.81	5.28	9.39	7.25	6.5	3.3	1.88	c	b	c	c	a	c	c	b	c	b	9.39	1.27	5.62	3.98	5.6	5.98	9.27	2.76	1.25	3.29	a	c	c	a	b	c	a	c	b	a	3.59	9.16	9.2	0.81	2.57	7.34	4.87	6.99	1.99	4.98	a	b	c	b	b	b	b	b	a	a	7.01	5.31	1.95	3.27	6.18	1.5	5.94	7.95	1.2	6.63	c	a	b	c	b	a	a	a	a	a
x207	5.27	8.7	0.23	8.7	0.41	8.7	8.58	3.13	7.58	9.6	b	a	a	c	a	c	c	b	a	b	5.15	7.62	4.26	7.62	2.85	7.62	5.99	0.1	3.32	9.14	b	b	b	a	a	b	c	a	c	b	9.02	7.96	1.2	2.4	7.89	1.07	3.4	2.13	5.25	1.22	c	b	b	b	a	a	c	c	a	b	4.89	1.58	4.46	5.1	1.1	9.78	1.15	7.08	8.87	7.43	a	c	b	a	c	a	b	a	c	b
x208	9.3	7.96	9.24	4.26	5.06	1.53	8.04	0.51	0.56	6.2	a	b	b	b	b	c	a	c	b	a	0	0.27	2.26	6.66	1.27	9.48	3.58	6.53	7.72	6.05	a	b	b	b	b	c	a	a	a	b	1.76	3.02	4.09	8.5	3.83	5.63	4.33	0.81	7.3	0.01	c	a	c	a	a	a	a	b	c	b	3.9	7.09	8.92	6.19	2.94	2.69	2.13	6.83	2.44	4.65	a	b	c	c	b	c	c	b	c	c
x209	2.25	5.39	0.39	4.31	5.44	7.64	0.56	4.61	6.78	7.05	a	a	c	c	c	b	b	c	c	c	1.69	2.38	2.31	6.57	8.18	3.12	6.09	5.65	1.38	0.31	b	c	c	b	c	a	a	a	a	a	3.73	5.64	4.36	4.19	8.29	0.46	9.73	6.4	8.16	9.15	b	c	a	a	c	a	a	a	c	a	9.07	7.88	0.03	1.76	0.67	9.92	2.28	1.62	3.86	2.66	b	c	b	b	c	c	c	c	b	c
x210	5.3	5.36	0.5	1.33	8.3	6.28	5.44	7.97	6.37	3.37	a	c	c	b	a	a	c	c	a	c	7.47	0.79	0.84	0.07	8.61	4.85	2.86	6.16	6.45	5.94	c	c	a	a	b	c	a	a	a	c	4.87	6.46	3.38	1.25	7.67	9.29	1.92	2.74	5.25	7.71	c	c	a	a	c	a	a	b	a	a	7.23	8.07	4.79	7.17	7.09	3.93	7.46	4.43	4.68	4.15	c	b	b	a	a	a	a	c	a	b
x211	4.84	6.99	9.43	5.22	8.85	8.44	8.39	3.64	0.96	6.1	a	c	c	b	a	c	a	a	a	a	5.75	6.96	0.19	5.34	0.03	9.32	1.46	7.1	1.81	1.74	b	a	a	c	b	c	b	c	a	c	0.12	8.51	5.2	6.03	5.21	4.18	7.74	1.36	3.34	8.62	a	c	b	b	b	a	a	c	c	a	4.57	1.67	5.67	3.49	1.46	9.16	4.48	3.27	7.13	6.54	b	a	b	b	c	b	a	b	c	a
x212	2.06	9.38	3.04	7.34	8.68	5.4	7.55	9.79	9.24	2.72	b	c	c	b	c	a	b	c	c	a	6.68	5.28	0.6	9.41	4.41	3.71	3.1	7.42	7.08	4.92	b	c	b	a	b	a	c	a	c	c	3.74	7.49	1.46	5.03	6.6	4.96	2.02	6.1	0.93	8.6	c	c	c	c	a	c	b	c	a	a	4.36	0.94	1.07	8.65	3.01	7.96	5.33	8.25	2.3	0.61	a	a	c	a	a	a	b	a	c	a
x213	4.22	4.54	1.27	4.03	7.21	7.19	1.86	1.03	0.31	1.6	a	a	b	b	b	a	b	c	a	b	1.92	1.45	0.18	3.01	5.6	7.35	0.35	4.87	2.26	7.62	b	b	b	b	b	b	b	a	b	c	7.27	4.9	5.22	9.72	3.62	7.52	6.68	7.31	5.6	9.22	b	a	c	c	c	c	b	b	b	c	8.76	9.17	7.33	6.08	4.87	3.62	7.37	2.77	6.01	4.22	c	c	b	a	c	c	c	c	a	c
x214	0.98	5.99	6.38	7.29	9.65	9.29	9.87	0.48	5.81	2.6	b	c	a	c	a	b	c	a	c	a	5.34	1.32	3.04	6.1	0.28	1.38	5.01	3.25	5.21	6.24	a	a	a	b	c	a	a	b	a	c	7.02	3.53	6.17	9.31	9.67	2.84	9.94	1.83	5.8	6.78	a	a	b	b	a	b	b	c	a	c	9.23	9.36	7.77	5.65	4.8	1.28	8.57	4.58	4.49	2.25	b	a	a	a	b	c	b	a	b	a
x215	9.35	6	9.04	3.41	7.89	3.95	4.86	1.26	1.08	2.77	b	b	a	b	c	c	c	a	a	b	3.34	2.73	2.83	4.25	5.66	6.2	5.82	3.74	6.13	4.09	b	a	a	b	b	a	a	a	b	c	3.34	2.59	2.83	4.24	7.79	2.49	6.18	2.86	4.55	8.22	b	a	c	c	c	a	b	b	c	a	0.4	7.89	0.72	7.37	9.31	9.02	5.42	4.49	3.89	2.8	c	a	a	c	a	b	a	b	a	a
x216	1.8	8.7	4.63	8.7	1.18	8.7	8.94	1.91	8.69	4.87	b	a	c	a	a	a	b	b	b	b	7.08	7.62	0.84	7.62	9.21	7.62	8.18	3.38	9.77	6.77	b	c	c	c	a	a	a	c	a	b	1.51	6.73	2.98	7.17	2.76	0.06	7.55	0.11	5.14	0.04	b	a	a	c	b	a	c	c	a	a	3.92	0.94	4.08	0.89	8.53	2.92	0.24	8.6	8.75	9.56	b	a	c	b	a	a	a	b	c	b
x217	1.8	8.7	8.71	8.7	5.32	8.7	6.35	2.79	9.05	7.1	b	c	c	c	a	a	b	a	b	b	4.63	7.62	1.72	7.62	9.93	7.62	6.19	5.74	1.2	0.82	b	c	c	c	a	a	a	c	b	b	2.84	8.03	6.3	1.39	2.08	1.37	2.92	2.15	4.72	3.61	b	a	b	c	b	a	b	a	c	b	6.09	4.7	6.77	6.98	2.95	6.3	7.98	6.99	4.23	7.81	b	b	c	c	a	c	c	b	a	a
x218	2.4	1.11	9.06	4.29	2.81	7.04	6.99	3.3	5.34	6.07	c	c	a	a	c	c	b	c	b	a	3.34	0.11	2.83	7.63	9.48	0.19	8.28	0.5	1.83	2.83	a	a	b	c	b	b	c	b	c	a	3.34	6.37	2.83	4.51	4.7	3.61	3.62	2.17	8.68	0.39	b	b	c	a	b	c	c	c	b	a	8.54	3.14	1.39	1.65	8.17	5.88	2.46	4.54	8.77	9.26	a	a	a	a	c	a	a	c	a	a
x219	9.77	0.79	9.26	0.49	7.88	4.31	2.85	8.13	5.75	7.58	c	a	b	b	b	c	b	b	c	c	1.62	3.76	7.49	6.99	1.1	4.59	2.02	0.98	4.16	0.92	a	b	b	a	a	a	a	b	c	c	7.48	1.14	7.73	9.73	3.73	2.95	8.74	3.82	5.55	9.21	c	a	c	c	c	c	b	a	c	a	3.89	2.98	3.91	7.09	2.31	5.62	9.37	6.26	7.05	5.16	b	b	b	a	b	b	b	c	a	c
x220	4.16	2.87	0.79	8.62	7.87	4.79	7.98	0.83	8.02	8.73	a	b	a	a	a	c	c	b	c	a	6.56	9.08	0.27	8.54	1.92	5.47	9.68	4.62	1.28	5.24	c	c	c	c	c	b	c	a	b	b	0.47	2.58	9.05	9.77	4.9	2.65	6.7	2.97	0.82	2.42	c	b	c	a	c	b	b	a	c	a	9.71	6.49	4.61	3.5	6.13	2.5	7.82	9.9	1.81	5.21	b	b	c	a	b	a	a	c	b	a
x221	8.94	3.99	1.33	7.71	8.46	6.62	3.42	5.03	8.26	4.43	a	c	c	a	b	c	c	b	b	a	8.75	4.9	2.84	5.17	2.43	4.23	8.38	2.12	6.63	1.29	b	c	c	c	b	c	c	c	a	a	1.22	9.66	7.05	2.54	1.09	5.85	5.04	6.78	1.06	0.4	a	b	b	a	b	b	b	a	a	c	8.69	6.9	5.19	8.91	9.07	7.12	3.06	5.6	9.75	3.69	a	c	c	c	c	b	c	b	a	b
x222	3.51	5.18	6.71	4.96	0.04	0.21	9.41	3.91	9.54	3.11	b	c	a	c	c	c	a	c	a	b	5.6	4.01	4.89	3.67	4.97	0.46	2.36	1.85	0.16	4.81	a	b	b	b	c	a	c	c	b	a	9.9	3.83	5.99	9.19	0.28	0.77	5.79	7.11	6.88	7.99	c	c	a	a	a	b	b	a	c	a	7.62	9.13	3.09	4.79	8.92	2.42	9.8	7.94	2.49	2.6	b	a	c	b	b	b	a	c	b	a
x223	2.07	1.75	6.13	5.47	7.81	7.51	3.17	7.71	6.58	3.96	c	a	c	a	a	b	c	c	a	a	5.47	7.9	0.62	7.27	4.9	3.45	7.54	1.76	3.9	6.22	b	a	a	c	c	a	a	c	c	c	8.71	6.01	3.77	1.33	3.98	7.77	9.45	5.78	2.48	1.07	c	a	c	a	b	b	c	b	a	a	6.36	9.37	9.4	4.69	3.8	1.29	1.38	5.71	1.76	8.73	b	b	a	b	a	a	a	a	b	c
x224	0.09	8.7	1.67	8.7	5.28	8.7	8.2	5.82	5.2	5.11	b	a	b	a	a	a	b	b	c	b	7.42	7.62	9.16	7.62	3.28	7.62	2.55	3.54	9.54	1.34	b	b	c	a	a	b	a	b	a	b	6.56	3.34	0.11	6.86	4.2	5.98	1.65	5.82	4.46	2.94	b	a	c	c	b	a	b	c	c	a	5.71	6.68	5.73	0.25	9	8.84	5.64	1.62	6.14	1.82	a	a	c	b	c	b	a	c	b	c
x225	2.65	2.75	8.21	7.57	3.04	2.38	8.95	1.37	8.69	6.04	b	b	b	b	c	c	c	a	a	a	1.55	4.31	9.9	0.99	2.13	1.77	3.72	7.38	8.21	6.58	b	c	c	c	b	a	a	a	a	a	9.86	7.24	7.23	2.53	2.99	0.46	7.57	6.92	6.22	1.23	a	c	a	c	c	a	a	a	b	a	9.44	4.09	7.71	5.57	1.08	7.39	8.24	1.39	7.96	6.03	a	a	a	b	b	a	a	c	c	c
x226	8.52	6.92	9.67	0.52	1.84	10	2.08	3.05	6.76	1.52	c	a	b	b	a	b	b	b	c	c	9.14	5.18	3.71	0.79	2.99	3.71	8.33	6.16	6.81	8.74	a	b	b	c	b	b	c	c	b	c	3.11	2.01	4.98	9.77	5.87	7.13	7.37	5.03	0.1	1.18	b	a	a	c	c	b	a	b	a	c	8.66	6.58	4.83	8.16	6.67	3.91	0.72	2.98	9.65	6.87	a	b	a	a	c	c	b	b	a	b
x227	8.11	6.72	7.92	0.5	3.25	3.31	6.67	8.82	2.78	0.25	b	a	c	b	b	a	a	c	b	c	9.98	3.09	6.28	5.35	1.96	5.05	7.3	5.55	1.52	9.5	b	c	b	b	c	c	c	b	c	c	1.29	5.19	8.91	6.04	2.08	6.68	6.58	7.01	8.26	2.95	c	b	a	c	a	c	b	c	b	b	7.07	3.91	3.39	9.32	9.21	8.54	6.19	0.23	9.27	0.11	a	c	c	c	a	b	c	c	b	a
x228	4.66	1.26	9.52	1.56	7.87	2.46	3.04	5.68	2.97	7.75	b	a	c	b	a	b	a	c	b	b	9.46	2.6	0.01	8.24	1.81	2	9.32	5.92	8.6	0.66	b	c	a	c	a	a	a	c	c	a	3.59	5.31	1.97	6.38	0.88	9.29	9.92	3.03	2.19	1.31	a	a	a	a	b	b	b	a	c	c	1.63	7.35	4.88	0.41	5.65	1.32	3.9	5.43	3.71	7.66	a	a	b	c	c	a	b	a	b	b
x229	2.85	0.79	9.85	0.36	5.34	5.42	5.96	0.82	5.53	5.06	c	b	c	a	a	c	a	c	c	c	2.04	0.43	8.05	8.79	7.71	9.58	8.82	5.43	4.78	5.89	c	c	b	b	a	a	a	c	c	b	8.06	5.63	8.22	4.97	2.19	0.88	8.44	5.91	3.59	3.14	c	b	c	c	a	a	c	c	a	c	1.91	2.09	7.51	7.77	6.04	1.06	8.47	3.5	8.28	8.64	a	b	c	c	a	c	c	b	c	a
x230	1.69	5.46	4.82	2.89	5.19	7.64	8	8.01	7.95	1.71	a	a	b	a	c	a	c	b	a	a	9.22	6.29	4.33	6.02	2.34	3.48	8.89	6.84	2.69	8.54	c	b	a	b	a	a	b	c	c	a	1.76	9.92	4.32	5.02	6.61	5.04	5.17	9.48	8.16	5.78	b	a	c	c	b	a	b	b	c	b	5.8	8.31	8.1	2.64	1.08	1.99	3.23	0.41	9.39	5.93	b	a	b	c	c	b	a	b	c	b
x231	3.05	8.52	8.78	7.39	0.8	8.81	0.06	3.08	5.32	5.47	a	c	b	b	c	b	c	a	a	c	9.2	1.18	3.37	9.52	3.02	5.42	3.63	9.1	6.72	5.76	a	c	a	b	a	a	a	a	a	a	6.25	1.78	0.93	4.9	5.89	3.34	9.93	6.97	3.71	2.02	c	c	b	b	b	c	a	a	b	a	6.15	2.71	3.2	2.29	1.1	7.94	9.54	8.03	9.18	6.85	a	a	b	c	b	a	b	a	b	a
x232	5.15	8.7	5.35	8.7	6.96	8.7	0.33	1.1	4	1.2	b	c	c	c	a	b	b	c	b	b	7.75	7.62	5.32	7.62	8.29	7.62	4.14	7.47	6.36	7.35	b	a	c	b	a	c	b	a	a	b	7.97	3.65	3.03	6.31	0.87	0.21	6.94	1.2	0.88	5.69	a	b	a	b	a	b	a	b	c	b	7.69	1.67	6.88	2.51	5.89	0.89	5.3	8.25	2.18	7.93	a	b	c	b	a	c	a	c	b	b
x233	1.22	4.29	4.27	6.74	0.54	2.02	2.58	2.26	9.15	3.02	b	c	c	b	c	b	b	b	c	b	8.81	7.79	0.64	8	1.23	8.47	4.02	1.77	7.01	0.88	b	a	a	c	b	a	b	a	c	a	4.25	2.83	8.18	4.7	8.86	5.7	6.36	4.27	4.44	7.02	b	c	c	c	b	a	a	b	a	c	5.84	3.97	7.93	2.45	6.37	0.44	0.08	7.83	9.32	8.43	b	c	c	a	c	c	a	a	a	a
x234	7.68	8.21	8.35	2	0.6	0.23	5.97	3.58	3.79	3.81	a	b	b	c	a	c	a	b	c	b	5.21	1.57	8.86	9.68	1.17	9.94	4.98	3.53	1.39	9.97	b	c	c	a	c	c	b	c	a	a	0.84	1.65	0.1	3.04	5.9	4.01	9.94	4.33	9.35	8.78	b	b	b	c	a	a	c	a	b	c	1.29	7.83	9.86	4.26	8.06	2.17	6.8	9.64	4.64	4.37	c	b	a	b	b	c	a	c	b	a
x235	1.13	2.4	3.27	7.71	0.48	1.57	9.21	4.72	2.59	4.11	b	c	c	c	b	c	c	c	c	b	9.3	4.86	0.47	7.51	3.87	5.73	5.21	3.71	4.04	4.37	a	b	b	a	b	c	b	a	b	a	4.38	5.12	0.46	9.44	4.82	1.53	8.99	8.66	5.54	0.28	c	c	c	a	c	a	a	a	b	b	4.61	4.53	3.94	7.45	9.05	0.3	1.77	3.93	8.97	6.92	a	a	b	c	a	c	a	a	c	c
x236	5.6	4.26	3.66	0.21	8.79	4.06	2.55	1.77	7.92	0.31	a	a	c	a	a	b	a	b	a	b	8.88	1.06	8.03	5.23	8.22	6.55	7.46	6.93	2.64	2.32	c	a	b	c	c	c	b	a	b	c	5.56	9.45	5.16	7.04	4.16	5.57	2.78	2.87	4.56	2.03	b	b	c	c	c	a	c	b	a	b	2.9	5.78	1.7	4.36	6.91	7.07	5.11	0.26	1.02	1.91	c	b	b	b	b	a	a	a	c	b
x237	5.17	5.5	7.81	0.01	3.28	3.07	6.88	0.31	8.42	5.24	c	b	a	a	a	b	c	b	a	c	4.3	8.84	8.11	5.15	6.55	3.91	8.94	6.92	9.17	9.23	a	a	b	b	b	a	a	b	a	b	9.33	4.78	4.63	7.58	5.17	4.85	8.52	1.98	9.41	1.58	b	a	a	a	b	b	b	c	b	b	9.61	5.56	0.58	7.11	2.46	0.46	0.47	1.48	2.53	3.34	a	c	c	c	b	b	b	a	b	a
x238	5.45	4.59	4.87	8.75	7.35	9.83	3.29	4.02	4.76	0.55	a	b	c	c	a	a	b	c	c	a	1.57	2.78	1.75	3.79	5.89	8.42	3.63	8.27	1.36	2.3	a	c	c	c	b	b	a	a	b	a	1.23	3.5	9.42	5.71	5.41	9.48	8.1	2.04	3.25	9.72	a	c	b	c	a	b	a	a	a	a	2.4	4.38	4.55	2.03	8.23	3.65	7.6	1.4	9.77	3.03	b	c	b	c	b	b	c	c	b	a
x239	3.11	8.7	4.78	8.7	2.67	8.7	2.11	6.27	5.71	6.09	b	c	c	b	a	a	a	c	b	b	8	7.62	1.65	7.62	0.96	7.62	6.57	2.59	4.6	2.72	b	b	a	b	a	b	a	b	c	b	3.11	9.01	1.64	9.19	5.92	2.8	6.19	6.89	8.52	7.82	b	a	b	b	c	a	c	a	c	c	9.85	4.91	2.78	3.25	5.29	2.84	4.24	9.25	5.35	4.88	c	b	b	a	a	c	b	b	b	a
x240	0.61	0.82	4.5	2.79	5.44	1.15	3.36	8.33	8.3	7.29	b	a	a	a	a	a	c	b	b	c	3.99	2.55	1.04	9.83	7.07	8.46	6.43	3.35	2.92	0.74	a	b	a	c	b	b	a	a	b	b	9.88	0.07	5.14	6.38	8.27	9.49	1.86	3.83	9.02	1.83	b	c	b	b	c	c	c	b	c	b	4.28	3.03	7.35	3.96	9.18	5.41	3.75	7.95	0	7.72	c	c	b	c	c	b	c	b	b	a
x241	2.04	0.06	7.04	7.66	5.95	9.65	3.11	2.89	0.05	2.75	c	b	b	a	a	c	a	b	b	a	6.74	8.06	4.16	2.41	8.61	6.94	7.3	1.57	9.61	0.45	c	a	a	c	b	b	a	c	a	a	0.8	6.75	4.27	6.65	2.44	8.91	2.73	7.49	0.52	2.1	a	a	a	c	a	a	c	a	b	b	1.64	0.3	4.84	0.52	7.09	7.04	2.99	8.56	7.92	4.5	a	a	a	b	c	b	b	b	a	a
x242	0.78	2.48	1.45	1.73	7.14	8.14	4.35	0.15	2.11	0.21	b	c	b	a	b	b	c	a	b	c	5.72	4.35	9.07	3.48	4.81	1.28	7.95	5.25	3.08	4.94	b	b	c	c	c	c	a	c	b	c	7.06	5.22	9.46	0.48	0.69	3.22	5.51	6.28	5.72	0.75	b	b	a	b	b	a	a	a	a	c	2.81	1.04	0.47	0.26	9.74	6.48	1.16	3.7	9.53	2.07	b	c	a	c	c	b	a	b	a	c
x243	2.64	6.68	4.9	6.43	9.55	2.42	3.95	4.28	9.01	9.42	b	b	b	c	b	a	c	c	b	b	2.08	2.09	1.48	4.95	1.34	4.35	2.75	8.15	4.31	9.19	a	a	c	c	a	a	a	b	a	a	5.67	7.96	5.08	2.39	9.83	9.46	2.34	2.25	4.89	6.85	a	b	c	b	c	b	c	c	c	a	0.79	4.08	2.98	2.38	3.71	0.14	0.73	4.36	5.98	1.19	c	c	a	a	b	b	b	a	b	a
x244	9.85	8.26	6.32	0.74	8.23	5.24	3.27	2.39	7.78	1.25	a	c	a	a	c	c	c	c	a	a	3.02	1.7	2.89	0.32	0.97	5.3	4.94	8.73	7.43	5.98	b	c	c	c	b	b	a	a	b	a	7.1	1.64	3.52	0.65	8.12	8.69	7.35	7.81	9.34	2.91	a	c	a	b	b	b	a	a	b	a	7.07	9.41	9.04	8.74	4.47	3.36	0.58	5.09	6.4	2.43	a	c	c	a	b	b	a	a	b	b
x245	8.3	7.68	2.78	4.78	4.37	6.39	6.07	3.86	3.29	0.55	a	c	b	b	a	c	b	b	c	b	1.53	7.39	5.2	5.92	0.86	8.73	1.56	0.43	9.96	2.81	c	b	b	a	a	b	a	c	c	a	1.52	0.25	1.83	8.13	1.74	3.04	3.51	3.71	4.44	8.21	a	a	a	a	b	a	a	c	b	c	4	7.22	5.43	5.17	2.98	2.22	6.94	2.74	7.8	1.83	a	b	c	a	b	a	a	c	a	b
x246	2.6	9.04	5.32	0.37	8.92	0.76	1.65	9.29	5.24	0.44	a	a	a	a	a	c	a	b	c	c	7.77	1.89	1.98	6.9	7.26	3.75	6.08	6.41	2.4	9.48	b	c	b	a	a	a	b	b	b	a	4.47	6.51	9.94	7.04	9.9	0.94	6.78	3.65	6.52	6.64	a	c	b	a	b	b	c	c	a	c	1.02	2.94	7.64	2.61	8.72	2.56	4.66	9.68	7.5	3.59	c	a	a	a	b	b	b	b	c	a
x247	9.86	1.56	7.53	8.99	3.6	2.3	7.18	2.7	2.95	7.61	a	b	c	b	a	b	c	b	c	a	7.38	5.44	3.28	2.29	1.45	1.41	5.71	9.28	4.94	0.99	b	b	b	b	c	b	c	c	b	a	8.09	5.24	3.44	1.06	9.69	4.52	0.96	7.7	7.04	8.29	b	a	c	a	a	b	c	a	c	c	3.18	6.47	1.34	8.9	5.71	1.18	2.44	5.02	7.24	6.16	b	c	b	a	c	c	b	c	c	c
x248	6.57	0.28	5.63	9.31	4.49	1.35	6.81	6.08	0.31	9.24	c	c	c	a	c	a	a	c	a	a	8.27	7.47	0.12	7.5	5.33	3.51	2.95	8.96	5.42	3.36	b	b	c	a	a	c	c	a	c	c	6.82	3.69	0.97	8.66	7.36	3.16	6.22	8.77	5.17	7.77	b	c	a	b	a	c	a	a	c	a	0.77	5.1	7.74	9.07	1.16	6.72	8.59	4.82	2.97	5.1	c	b	a	a	c	c	a	b	c	c
x249	1.43	6.83	6.28	1.51	3.58	9.34	4.19	8.32	1.81	3.12	b	b	a	c	c	c	b	c	a	a	3.66	9.77	1.11	3.06	8.93	5.33	7.24	9.06	8.23	6.79	a	b	c	b	b	b	b	c	a	b	7.23	4.35	0.22	6.13	3.32	9.15	5.69	0.92	2.83	6.11	b	b	c	b	c	a	b	a	b	b	5.21	4.89	3.45	0.53	1.67	0.8	7.05	5.28	6.93	3.54	c	a	b	c	b	c	b	c	c	c
